NUGET,SBOM_dependencies,CVE
advancedstringbuilder@0.1.0,advancedstringbuilder@0.1.0,NA
autofac.extensions.dependencyinjection@8.0.0,autofac.extensions.dependencyinjection@8.0.0,NA
autofac@6.4.0,autofac@6.4.0,NA
automapper.extensions.microsoft.dependencyinjection@12.0.0,automapper.extensions.microsoft.dependencyinjection@12.0.0,NA
automapper@12.0.0,automapper@12.0.0,NA
automapper@9.0.0,automapper@9.0.0,NA
avalara.avatax@21.10.0,avalara.avatax@21.10.0,NA
azure.core@1.29.0,azure.core@1.29.0,NA
azure.extensions.aspnetcore.dataprotection.blobs@1.3.1,azure.extensions.aspnetcore.dataprotection.blobs@1.3.1,NA
azure.extensions.aspnetcore.dataprotection.keys@1.2.1,azure.extensions.aspnetcore.dataprotection.keys@1.2.1,NA
azure.identity@1.8.2,azure.identity@1.8.2,NA
azure.security.keyvault.keys@4.2.0,azure.security.keyvault.keys@4.2.0,NA
azure.storage.blobs@12.13.1,azure.storage.blobs@12.13.1,NA
azure.storage.blobs@12.15.0,azure.storage.blobs@12.15.0,NA
azure.storage.common@12.12.0,azure.storage.common@12.12.0,NA
azure.storage.common@12.14.0,azure.storage.common@12.14.0,NA
braintreehttp-dotnet@0.3.0,braintreehttp-dotnet@0.3.0,NA
castle.core@5.1.1,castle.core@5.1.1,NA
closedxml@0.100.3,closedxml@0.100.3,NA
cybersource.authentication.netstandard@0.0.1.9,cybersource.authentication.netstandard@0.0.1.9,NA
cybersource.rest.client.netstandard@0.0.1.19,cybersource.rest.client.netstandard@0.0.1.19,NA
documentformat.openxml@2.16.0,documentformat.openxml@2.16.0,NA
excelnumberformat@1.1.0,excelnumberformat@1.1.0,NA
excss@4.1.4,excss@4.1.4,NA
fizzler@1.2.1,fizzler@1.2.1,NA
fluentassertions@6.10.0,fluentassertions@6.10.0,NA
fluentmigrator.abstractions@3.3.2,fluentmigrator.abstractions@3.3.2,NA
fluentmigrator.extensions.oracle@3.3.2,fluentmigrator.extensions.oracle@3.3.2,NA
fluentmigrator.extensions.postgres@3.3.2,fluentmigrator.extensions.postgres@3.3.2,NA
fluentmigrator.extensions.sqlanywhere@3.3.2,fluentmigrator.extensions.sqlanywhere@3.3.2,NA
fluentmigrator.extensions.sqlserver@3.3.2,fluentmigrator.extensions.sqlserver@3.3.2,NA
fluentmigrator.runner.core@3.3.2,fluentmigrator.runner.core@3.3.2,NA
fluentmigrator.runner.db2@3.3.2,fluentmigrator.runner.db2@3.3.2,NA
fluentmigrator.runner.firebird@3.3.2,fluentmigrator.runner.firebird@3.3.2,NA
fluentmigrator.runner.hana@3.3.2,fluentmigrator.runner.hana@3.3.2,NA
fluentmigrator.runner.mysql@3.3.2,fluentmigrator.runner.mysql@3.3.2,NA
fluentmigrator.runner.oracle@3.3.2,fluentmigrator.runner.oracle@3.3.2,NA
fluentmigrator.runner.postgres@3.3.2,fluentmigrator.runner.postgres@3.3.2,NA
fluentmigrator.runner.redshift@3.3.2,fluentmigrator.runner.redshift@3.3.2,NA
fluentmigrator.runner.sqlanywhere@3.3.2,fluentmigrator.runner.sqlanywhere@3.3.2,NA
fluentmigrator.runner.sqlite@3.3.2,fluentmigrator.runner.sqlite@3.3.2,NA
fluentmigrator.runner.sqlserver@3.3.2,fluentmigrator.runner.sqlserver@3.3.2,NA
fluentmigrator.runner.sqlserverce@3.3.2,fluentmigrator.runner.sqlserverce@3.3.2,NA
fluentmigrator.runner@3.3.2,fluentmigrator.runner@3.3.2,NA
fluentmigrator@3.3.2,fluentmigrator@3.3.2,NA
fluentvalidation.aspnetcore@11.2.2,fluentvalidation.aspnetcore@11.2.2,NA
fluentvalidation.dependencyinjectionextensions@11.2.1,fluentvalidation.dependencyinjectionextensions@11.2.1,NA
fluentvalidation@11.2.1,fluentvalidation@11.2.1,NA
fubarcoder.restsharp.portable.core@4.0.8,fubarcoder.restsharp.portable.core@4.0.8,NA
fubarcoder.restsharp.portable.httpclient@4.0.8,fubarcoder.restsharp.portable.httpclient@4.0.8,NA
googleauthenticator@3.0.0,googleauthenticator@3.0.0,NA
harfbuzzsharp.nativeassets.linux@2.8.2.3,harfbuzzsharp.nativeassets.linux@2.8.2.3,NA
harfbuzzsharp.nativeassets.macos@2.8.2.3,harfbuzzsharp.nativeassets.macos@2.8.2.3,NA
harfbuzzsharp.nativeassets.win32@2.8.2.3,harfbuzzsharp.nativeassets.win32@2.8.2.3,NA
harfbuzzsharp@2.8.2.3,harfbuzzsharp@2.8.2.3,NA
humanizer.core.af@2.14.1,humanizer.core.af@2.14.1,NA
humanizer.core.ar@2.14.1,humanizer.core.ar@2.14.1,NA
humanizer.core.az@2.14.1,humanizer.core.az@2.14.1,NA
humanizer.core.bg@2.14.1,humanizer.core.bg@2.14.1,NA
humanizer.core.bn-bd@2.14.1,humanizer.core.bn-bd@2.14.1,NA
humanizer.core.cs@2.14.1,humanizer.core.cs@2.14.1,NA
humanizer.core.da@2.14.1,humanizer.core.da@2.14.1,NA
humanizer.core.de@2.14.1,humanizer.core.de@2.14.1,NA
humanizer.core.el@2.14.1,humanizer.core.el@2.14.1,NA
humanizer.core.es@2.14.1,humanizer.core.es@2.14.1,NA
humanizer.core.fa@2.14.1,humanizer.core.fa@2.14.1,NA
humanizer.core.fi-fi@2.14.1,humanizer.core.fi-fi@2.14.1,NA
humanizer.core.fr-be@2.14.1,humanizer.core.fr-be@2.14.1,NA
humanizer.core.fr@2.14.1,humanizer.core.fr@2.14.1,NA
humanizer.core.he@2.14.1,humanizer.core.he@2.14.1,NA
humanizer.core.hr@2.14.1,humanizer.core.hr@2.14.1,NA
humanizer.core.hu@2.14.1,humanizer.core.hu@2.14.1,NA
humanizer.core.hy@2.14.1,humanizer.core.hy@2.14.1,NA
humanizer.core.id@2.14.1,humanizer.core.id@2.14.1,NA
humanizer.core.is@2.14.1,humanizer.core.is@2.14.1,NA
humanizer.core.it@2.14.1,humanizer.core.it@2.14.1,NA
humanizer.core.ja@2.14.1,humanizer.core.ja@2.14.1,NA
humanizer.core.ko-kr@2.14.1,humanizer.core.ko-kr@2.14.1,NA
humanizer.core.ku@2.14.1,humanizer.core.ku@2.14.1,NA
humanizer.core.lv@2.14.1,humanizer.core.lv@2.14.1,NA
humanizer.core.ms-my@2.14.1,humanizer.core.ms-my@2.14.1,NA
humanizer.core.mt@2.14.1,humanizer.core.mt@2.14.1,NA
humanizer.core.nb-no@2.14.1,humanizer.core.nb-no@2.14.1,NA
humanizer.core.nb@2.14.1,humanizer.core.nb@2.14.1,NA
humanizer.core.nl@2.14.1,humanizer.core.nl@2.14.1,NA
humanizer.core.pl@2.14.1,humanizer.core.pl@2.14.1,NA
humanizer.core.pt@2.14.1,humanizer.core.pt@2.14.1,NA
humanizer.core.ro@2.14.1,humanizer.core.ro@2.14.1,NA
humanizer.core.ru@2.14.1,humanizer.core.ru@2.14.1,NA
humanizer.core.sk@2.14.1,humanizer.core.sk@2.14.1,NA
humanizer.core.sl@2.14.1,humanizer.core.sl@2.14.1,NA
humanizer.core.sr-latn@2.14.1,humanizer.core.sr-latn@2.14.1,NA
humanizer.core.sr@2.14.1,humanizer.core.sr@2.14.1,NA
humanizer.core.sv@2.14.1,humanizer.core.sv@2.14.1,NA
humanizer.core.th-th@2.14.1,humanizer.core.th-th@2.14.1,NA
humanizer.core.tr@2.14.1,humanizer.core.tr@2.14.1,NA
humanizer.core.uk@2.14.1,humanizer.core.uk@2.14.1,NA
humanizer.core.uz-cyrl-uz@2.14.1,humanizer.core.uz-cyrl-uz@2.14.1,NA
humanizer.core.uz-latn-uz@2.14.1,humanizer.core.uz-latn-uz@2.14.1,NA
humanizer.core.vi@2.14.1,humanizer.core.vi@2.14.1,NA
humanizer.core.zh-cn@2.14.1,humanizer.core.zh-cn@2.14.1,NA
humanizer.core.zh-hans@2.14.1,humanizer.core.zh-hans@2.14.1,NA
humanizer.core.zh-hant@2.14.1,humanizer.core.zh-hant@2.14.1,NA
humanizer.core@2.14.1,humanizer.core@2.14.1,NA
humanizer@2.14.1,humanizer@2.14.1,NA
irony.netcore@1.0.11,irony.netcore@1.0.11,NA
jose-jwt@2.5.0,jose-jwt@2.5.0,NA
jsonsubtypes@1.2.0,jsonsubtypes@1.2.0,NA
ligershark.weboptimizer.core@3.0.380,ligershark.weboptimizer.core@3.0.380,NA
linq2db@4.3.0,linq2db@4.3.0,NA
mailkit@3.4.3,mailkit@3.4.3,NA
maxmind.db@4.0.0,maxmind.db@4.0.0,NA
maxmind.geoip2@5.1.0,maxmind.geoip2@5.1.0,NA
microsoft.aspnetcore.authentication.facebook@7.0.3,microsoft.aspnetcore.authentication.facebook@7.0.3,NA
microsoft.aspnetcore.cryptography.internal@3.1.32,microsoft.aspnetcore.cryptography.internal@3.1.32,NA
microsoft.aspnetcore.dataprotection.abstractions@3.1.32,microsoft.aspnetcore.dataprotection.abstractions@3.1.32,NA
microsoft.aspnetcore.dataprotection@3.1.32,microsoft.aspnetcore.dataprotection@3.1.32,NA
microsoft.aspnetcore.jsonpatch@7.0.3,microsoft.aspnetcore.jsonpatch@7.0.3,NA
microsoft.aspnetcore.mvc.newtonsoftjson@7.0.3,microsoft.aspnetcore.mvc.newtonsoftjson@7.0.3,NA
microsoft.aspnetcore.mvc.razor.extensions@6.0.0,microsoft.aspnetcore.mvc.razor.extensions@6.0.0,NA
microsoft.aspnetcore.mvc.razor.runtimecompilation@7.0.3,microsoft.aspnetcore.mvc.razor.runtimecompilation@7.0.3,NA
microsoft.aspnetcore.razor.language@6.0.0,microsoft.aspnetcore.razor.language@6.0.0,NA
microsoft.azure.services.appauthentication@1.6.2,microsoft.azure.services.appauthentication@1.6.2,NA
microsoft.bcl.asyncinterfaces@6.0.0,microsoft.bcl.asyncinterfaces@6.0.0,NA
microsoft.codeanalysis.analyzers@3.3.2,microsoft.codeanalysis.analyzers@3.3.2,NA
microsoft.codeanalysis.common@4.0.0,microsoft.codeanalysis.common@4.0.0,NA
microsoft.codeanalysis.csharp@4.0.0,microsoft.codeanalysis.csharp@4.0.0,NA
microsoft.codeanalysis.razor@6.0.0,microsoft.codeanalysis.razor@6.0.0,NA
microsoft.codecoverage@17.5.0,microsoft.codecoverage@17.5.0,NA
microsoft.csharp@4.5.0,microsoft.csharp@4.5.0,NA
microsoft.csharp@4.7.0,microsoft.csharp@4.7.0,NA
microsoft.data.sqlclient.sni.runtime@4.0.0,microsoft.data.sqlclient.sni.runtime@4.0.0,NA
microsoft.data.sqlclient.sni.runtime@5.1.0,microsoft.data.sqlclient.sni.runtime@5.1.0,NA
microsoft.data.sqlclient@4.0.1,microsoft.data.sqlclient@4.0.1,NA
microsoft.data.sqlclient@5.1.0,microsoft.data.sqlclient@5.1.0,NA
microsoft.data.sqlite.core@7.0.1,microsoft.data.sqlite.core@7.0.1,NA
microsoft.data.sqlite@7.0.1,microsoft.data.sqlite@7.0.1,NA
microsoft.extensions.caching.abstractions@7.0.0,microsoft.extensions.caching.abstractions@7.0.0,NA
microsoft.extensions.caching.sqlserver@7.0.3,microsoft.extensions.caching.sqlserver@7.0.3,NA
microsoft.extensions.caching.stackexchangeredis@7.0.3,microsoft.extensions.caching.stackexchangeredis@7.0.3,NA
microsoft.extensions.configuration.abstractions@3.1.32,microsoft.extensions.configuration.abstractions@3.1.32,NA
microsoft.extensions.dependencyinjection.abstractions@7.0.0,microsoft.extensions.dependencyinjection.abstractions@7.0.0,NA
microsoft.extensions.dependencyinjection@2.0.0,microsoft.extensions.dependencyinjection@2.0.0,NA
microsoft.extensions.dependencymodel@7.0.0,microsoft.extensions.dependencymodel@7.0.0,NA
microsoft.extensions.fileproviders.abstractions@3.1.32,microsoft.extensions.fileproviders.abstractions@3.1.32,NA
microsoft.extensions.hosting.abstractions@3.1.32,microsoft.extensions.hosting.abstractions@3.1.32,NA
microsoft.extensions.logging.abstractions@7.0.0,microsoft.extensions.logging.abstractions@7.0.0,NA
microsoft.extensions.logging@2.0.1,microsoft.extensions.logging@2.0.1,NA
microsoft.extensions.objectpool@5.0.10,microsoft.extensions.objectpool@5.0.10,NA
microsoft.extensions.options@7.0.1,microsoft.extensions.options@7.0.1,NA
microsoft.extensions.primitives@7.0.0,microsoft.extensions.primitives@7.0.0,NA
microsoft.identity.client.extensions.msal@2.25.3,microsoft.identity.client.extensions.msal@2.25.3,NA
microsoft.identity.client@4.49.1,microsoft.identity.client@4.49.1,NA
microsoft.identitymodel.abstractions@6.22.0,microsoft.identitymodel.abstractions@6.22.0,NA
microsoft.identitymodel.abstractions@6.24.0,microsoft.identitymodel.abstractions@6.24.0,NA
microsoft.identitymodel.clients.activedirectory@5.2.9,microsoft.identitymodel.clients.activedirectory@5.2.9,NA
microsoft.identitymodel.jsonwebtokens@6.24.0,microsoft.identitymodel.jsonwebtokens@6.24.0,NA
microsoft.identitymodel.jsonwebtokens@6.8.0,microsoft.identitymodel.jsonwebtokens@6.8.0,NA
microsoft.identitymodel.logging@6.24.0,microsoft.identitymodel.logging@6.24.0,NA
microsoft.identitymodel.logging@6.8.0,microsoft.identitymodel.logging@6.8.0,NA
microsoft.identitymodel.protocols.openidconnect@6.24.0,microsoft.identitymodel.protocols.openidconnect@6.24.0,NA
microsoft.identitymodel.protocols.openidconnect@6.8.0,microsoft.identitymodel.protocols.openidconnect@6.8.0,NA
microsoft.identitymodel.protocols@6.24.0,microsoft.identitymodel.protocols@6.24.0,NA
microsoft.identitymodel.protocols@6.8.0,microsoft.identitymodel.protocols@6.8.0,NA
microsoft.identitymodel.tokens@6.24.0,microsoft.identitymodel.tokens@6.24.0,NA
microsoft.identitymodel.tokens@6.8.0,microsoft.identitymodel.tokens@6.8.0,NA
microsoft.net.test.sdk@17.5.0,microsoft.net.test.sdk@17.5.0,NA
microsoft.netcore.platforms@1.1.0,microsoft.netcore.platforms@1.1.0,NA
microsoft.netcore.platforms@3.1.0,microsoft.netcore.platforms@3.1.0,NA
microsoft.netcore.platforms@5.0.0,microsoft.netcore.platforms@5.0.0,NA
microsoft.netcore.targets@1.1.0,microsoft.netcore.targets@1.1.0,NA
microsoft.netcore.targets@1.1.3,microsoft.netcore.targets@1.1.3,NA
microsoft.sqlserver.server@1.0.0,microsoft.sqlserver.server@1.0.0,NA
microsoft.testplatform.objectmodel@17.5.0,microsoft.testplatform.objectmodel@17.5.0,NA
microsoft.testplatform.testhost@17.5.0,microsoft.testplatform.testhost@17.5.0,NA
microsoft.win32.primitives@4.3.0,microsoft.win32.primitives@4.3.0,NA
microsoft.win32.registry@5.0.0,microsoft.win32.registry@5.0.0,NA
microsoft.win32.systemevents@4.7.0,microsoft.win32.systemevents@4.7.0,NA
microsoft.win32.systemevents@5.0.0,microsoft.win32.systemevents@5.0.0,NA
microsoft.win32.systemevents@7.0.0,microsoft.win32.systemevents@7.0.0,NA
mimekit@3.4.3,mimekit@3.4.3,NA
miniprofiler.aspnetcore.mvc@4.2.22,miniprofiler.aspnetcore.mvc@4.2.22,NA
miniprofiler.aspnetcore@4.2.22,miniprofiler.aspnetcore@4.2.22,NA
miniprofiler.shared@4.2.22,miniprofiler.shared@4.2.22,NA
moq@4.18.4,moq@4.18.4,NA
mysqlconnector@2.2.5,mysqlconnector@2.2.5,NA
netstandard.library@1.6.1,netstandard.library@1.6.1,NA
netstandard.library@2.0.0,netstandard.library@2.0.0,NA
newtonsoft.json.bson@1.0.2,newtonsoft.json.bson@1.0.2,NA
newtonsoft.json@10.0.3,newtonsoft.json@10.0.3,NA
newtonsoft.json@12.0.1,newtonsoft.json@12.0.1,NA
newtonsoft.json@13.0.1,newtonsoft.json@13.0.1,NA
nito.asyncex.coordination@5.1.2,nito.asyncex.coordination@5.1.2,NA
nito.asyncex.tasks@5.1.2,nito.asyncex.tasks@5.1.2,NA
nito.collections.deque@1.1.1,nito.collections.deque@1.1.1,NA
nito.disposables@2.2.1,nito.disposables@2.2.1,NA
nlog@4.7.4,nlog@4.7.4,NA
nop.core@4.5.0,nop.core@4.5.0,NA
nop.data@4.5.0,nop.data@4.5.0,NA
nop.services@4.5.0,nop.services@4.5.0,NA
nop.web.framework@4.5.0,nop.web.framework@4.5.0,NA
nop.web@4.70.0,nop.web@4.70.0,NA
npgsql@7.0.2,npgsql@7.0.2,NA
nuget.frameworks@5.11.0,nuget.frameworks@5.11.0,NA
nuglify@1.20.5,nuglify@1.20.5,NA
nunit3testadapter@4.4.2,nunit3testadapter@4.4.2,NA
nunit@3.13.3,nunit@3.13.3,NA
paypal@2.0.0-rc2,paypal@2.0.0-rc2,NA
paypalcheckoutsdk@1.0.3,paypalcheckoutsdk@1.0.3,NA
paypalhttp@1.0.0,paypalhttp@1.0.0,NA
pipelines.sockets.unofficial@2.2.0,pipelines.sockets.unofficial@2.2.0,NA
portable.bouncycastle@1.9.0,portable.bouncycastle@1.9.0,NA
qrcoder@1.4.3,qrcoder@1.4.3,NA
questpdf@2022.12.1,questpdf@2022.12.1,NA
restsharp@106.12.0,restsharp@106.12.0,NA
runtime.debian.8-x64.runtime.native.system.security.cryptography.openssl@4.3.0,NA,NA
runtime.debian.8-x64.runtime.native.system.security.cryptography.openssl@4.3.2,NA,NA
runtime.fedora.23-x64.runtime.native.system.security.cryptography.openssl@4.3.0,NA,NA
runtime.fedora.23-x64.runtime.native.system.security.cryptography.openssl@4.3.2,NA,NA
runtime.fedora.24-x64.runtime.native.system.security.cryptography.openssl@4.3.0,NA,NA
runtime.fedora.24-x64.runtime.native.system.security.cryptography.openssl@4.3.2,NA,NA
runtime.native.system.io.compression@4.3.0,NA,NA
runtime.native.system.net.http@4.3.0,NA,NA
runtime.native.system.security.cryptography.apple@4.3.0,NA,NA
runtime.native.system.security.cryptography.openssl@4.3.0,NA,NA
runtime.native.system.security.cryptography.openssl@4.3.2,NA,NA
runtime.native.system@4.3.0,NA,NA
runtime.opensuse.13.2-x64.runtime.native.system.security.cryptography.openssl@4.3.0,NA,NA
runtime.opensuse.13.2-x64.runtime.native.system.security.cryptography.openssl@4.3.2,NA,NA
runtime.opensuse.42.1-x64.runtime.native.system.security.cryptography.openssl@4.3.0,NA,NA
runtime.opensuse.42.1-x64.runtime.native.system.security.cryptography.openssl@4.3.2,NA,NA
runtime.osx.10.10-x64.runtime.native.system.security.cryptography.apple@4.3.0,NA,NA
runtime.osx.10.10-x64.runtime.native.system.security.cryptography.openssl@4.3.0,NA,NA
runtime.osx.10.10-x64.runtime.native.system.security.cryptography.openssl@4.3.2,NA,NA
runtime.rhel.7-x64.runtime.native.system.security.cryptography.openssl@4.3.0,NA,NA
runtime.rhel.7-x64.runtime.native.system.security.cryptography.openssl@4.3.2,NA,NA
runtime.ubuntu.14.04-x64.runtime.native.system.security.cryptography.openssl@4.3.0,NA,NA
runtime.ubuntu.14.04-x64.runtime.native.system.security.cryptography.openssl@4.3.2,NA,NA
runtime.ubuntu.16.04-x64.runtime.native.system.security.cryptography.openssl@4.3.0,NA,NA
runtime.ubuntu.16.04-x64.runtime.native.system.security.cryptography.openssl@4.3.2,NA,NA
runtime.ubuntu.16.10-x64.runtime.native.system.security.cryptography.openssl@4.3.0,NA,NA
runtime.ubuntu.16.10-x64.runtime.native.system.security.cryptography.openssl@4.3.2,NA,NA
shimskiasharp@0.5.18,shimskiasharp@0.5.18,NA
sib_api_v3_sdk@3.3.0,sib_api_v3_sdk@3.3.0,NA
sixlabors.fonts@1.0.0-beta18,sixlabors.fonts@1.0.0-beta18,NA
skiasharp.harfbuzz@2.88.3,skiasharp.harfbuzz@2.88.3,NA
skiasharp.nativeassets.linux.nodependencies@2.88.3,skiasharp.nativeassets.linux.nodependencies@2.88.3,NA
skiasharp.nativeassets.macos@2.88.3,skiasharp.nativeassets.macos@2.88.3,NA
skiasharp.nativeassets.win32@2.88.3,skiasharp.nativeassets.win32@2.88.3,NA
skiasharp@2.88.3,skiasharp@2.88.3,NA
sqlitepclraw.bundle_e_sqlite3@2.1.2,sqlitepclraw.bundle_e_sqlite3@2.1.2,NA
sqlitepclraw.core@2.1.2,sqlitepclraw.core@2.1.2,NA
sqlitepclraw.lib.e_sqlite3@2.1.2,sqlitepclraw.lib.e_sqlite3@2.1.2,NA
sqlitepclraw.provider.e_sqlite3@2.1.2,sqlitepclraw.provider.e_sqlite3@2.1.2,NA
stackexchange.redis@2.2.4,stackexchange.redis@2.2.4,NA
svg.custom@0.5.18,svg.custom@0.5.18,NA
svg.model@0.5.18,svg.model@0.5.18,NA
svg.skia@0.5.18,svg.skia@0.5.18,NA
system.appcontext@4.3.0,system.appcontext@4.3.0,NA
system.buffers@4.3.0,system.buffers@4.3.0,NA
system.buffers@4.5.1,system.buffers@4.5.1,NA
system.collections.concurrent@4.3.0,system.collections.concurrent@4.3.0,NA
system.collections.immutable@5.0.0,system.collections.immutable@5.0.0,NA
system.collections.nongeneric@4.3.0,system.collections.nongeneric@4.3.0,NA
system.collections.specialized@4.3.0,system.collections.specialized@4.3.0,NA
system.collections@4.3.0,system.collections@4.3.0,NA
system.componentmodel.annotations@4.4.1,system.componentmodel.annotations@4.4.1,NA
system.componentmodel.annotations@4.7.0,system.componentmodel.annotations@4.7.0,NA
system.componentmodel.primitives@4.3.0,system.componentmodel.primitives@4.3.0,NA
system.componentmodel.typeconverter@4.3.0,system.componentmodel.typeconverter@4.3.0,NA
system.componentmodel@4.3.0,system.componentmodel@4.3.0,NA
system.configuration.configurationmanager@4.4.0,system.configuration.configurationmanager@4.4.0,NA
system.configuration.configurationmanager@4.7.0,system.configuration.configurationmanager@4.7.0,NA
system.configuration.configurationmanager@5.0.0,system.configuration.configurationmanager@5.0.0,NA
system.configuration.configurationmanager@7.0.0,system.configuration.configurationmanager@7.0.0,NA
system.console@4.3.0,system.console@4.3.0,NA
system.data.common@4.3.0,system.data.common@4.3.0,NA
system.diagnostics.debug@4.3.0,system.diagnostics.debug@4.3.0,NA
system.diagnostics.diagnosticsource@4.3.0,system.diagnostics.diagnosticsource@4.3.0,NA
system.diagnostics.diagnosticsource@5.0.0,system.diagnostics.diagnosticsource@5.0.0,NA
system.diagnostics.diagnosticsource@6.0.0,system.diagnostics.diagnosticsource@6.0.0,NA
system.diagnostics.eventlog@6.0.0,system.diagnostics.eventlog@6.0.0,NA
system.diagnostics.eventlog@7.0.0,system.diagnostics.eventlog@7.0.0,NA
system.diagnostics.performancecounter@5.0.0,system.diagnostics.performancecounter@5.0.0,NA
system.diagnostics.process@4.3.0,system.diagnostics.process@4.3.0,NA
system.diagnostics.stacktrace@4.3.0,system.diagnostics.stacktrace@4.3.0,NA
system.diagnostics.tools@4.3.0,system.diagnostics.tools@4.3.0,NA
system.diagnostics.tracing@4.3.0,system.diagnostics.tracing@4.3.0,NA
system.drawing.common@4.7.0,system.drawing.common@4.7.0,NA
system.drawing.common@5.0.0,system.drawing.common@5.0.0,NA
system.drawing.common@7.0.0,system.drawing.common@7.0.0,NA
system.dynamic.runtime@4.3.0,system.dynamic.runtime@4.3.0,NA
system.formats.asn1@5.0.0,system.formats.asn1@5.0.0,NA
system.formats.asn1@6.0.0,system.formats.asn1@6.0.0,NA
system.globalization.calendars@4.3.0,system.globalization.calendars@4.3.0,NA
system.globalization.extensions@4.3.0,system.globalization.extensions@4.3.0,NA
system.globalization@4.3.0,system.globalization@4.3.0,NA
system.identitymodel.tokens.jwt@6.24.0,system.identitymodel.tokens.jwt@6.24.0,NA
system.identitymodel.tokens.jwt@6.8.0,system.identitymodel.tokens.jwt@6.8.0,NA
system.io.compression.zipfile@4.3.0,system.io.compression.zipfile@4.3.0,NA
system.io.compression@4.3.0,system.io.compression@4.3.0,NA
system.io.filesystem.accesscontrol@5.0.0,system.io.filesystem.accesscontrol@5.0.0,NA
system.io.filesystem.primitives@4.3.0,system.io.filesystem.primitives@4.3.0,NA
system.io.filesystem@4.3.0,system.io.filesystem@4.3.0,NA
system.io.hashing@6.0.0,system.io.hashing@6.0.0,NA
system.io.packaging@6.0.0,system.io.packaging@6.0.0,NA
system.io.pipelines@5.0.0,system.io.pipelines@5.0.0,NA
system.io@4.3.0,system.io@4.3.0,NA
system.linq.async@6.0.1,system.linq.async@6.0.1,NA
system.linq.dynamic.core@1.3.1,system.linq.dynamic.core@1.3.1,NA
system.linq.expressions@4.3.0,system.linq.expressions@4.3.0,NA
system.linq@4.3.0,system.linq@4.3.0,NA
system.memory.data@1.0.2,system.memory.data@1.0.2,NA
system.memory@4.5.3,system.memory@4.5.3,NA
system.memory@4.5.4,system.memory@4.5.4,NA
system.net.http@4.3.0,system.net.http@4.3.0,NA
system.net.http@4.3.2,system.net.http@4.3.2,NA
system.net.http@4.3.4,system.net.http@4.3.4,NA
system.net.nameresolution@4.3.0,system.net.nameresolution@4.3.0,NA
system.net.primitives@4.3.0,system.net.primitives@4.3.0,NA
system.net.requests@4.0.11,system.net.requests@4.0.11,NA
system.net.sockets@4.3.0,system.net.sockets@4.3.0,NA
system.net.webheadercollection@4.0.1,system.net.webheadercollection@4.0.1,NA
system.numerics.vectors@4.5.0,system.numerics.vectors@4.5.0,NA
system.objectmodel@4.3.0,system.objectmodel@4.3.0,NA
system.private.datacontractserialization@4.1.1,system.private.datacontractserialization@4.1.1,NA
system.private.datacontractserialization@4.3.0,system.private.datacontractserialization@4.3.0,NA
system.private.servicemodel@4.10.0,system.private.servicemodel@4.10.0,NA
system.private.uri@4.3.2,system.private.uri@4.3.2,NA
system.reflection.dispatchproxy@4.7.1,system.reflection.dispatchproxy@4.7.1,NA
system.reflection.emit.ilgeneration@4.3.0,system.reflection.emit.ilgeneration@4.3.0,NA
system.reflection.emit.lightweight@4.3.0,system.reflection.emit.lightweight@4.3.0,NA
system.reflection.emit@4.3.0,system.reflection.emit@4.3.0,NA
system.reflection.extensions@4.3.0,system.reflection.extensions@4.3.0,NA
system.reflection.metadata@1.6.0,system.reflection.metadata@1.6.0,NA
system.reflection.metadata@5.0.0,system.reflection.metadata@5.0.0,NA
system.reflection.primitives@4.3.0,system.reflection.primitives@4.3.0,NA
system.reflection.typeextensions@4.3.0,system.reflection.typeextensions@4.3.0,NA
system.reflection@4.3.0,system.reflection@4.3.0,NA
system.resources.resourcemanager@4.3.0,system.resources.resourcemanager@4.3.0,NA
system.runtime.caching@4.7.0,system.runtime.caching@4.7.0,NA
system.runtime.caching@5.0.0,system.runtime.caching@5.0.0,NA
system.runtime.caching@6.0.0,system.runtime.caching@6.0.0,NA
system.runtime.compilerservices.unsafe@5.0.0,system.runtime.compilerservices.unsafe@5.0.0,NA
system.runtime.compilerservices.unsafe@6.0.0,system.runtime.compilerservices.unsafe@6.0.0,NA
system.runtime.extensions@4.3.0,system.runtime.extensions@4.3.0,NA
system.runtime.handles@4.3.0,system.runtime.handles@4.3.0,NA
system.runtime.interopservices.runtimeinformation@4.3.0,system.runtime.interopservices.runtimeinformation@4.3.0,NA
system.runtime.interopservices@4.3.0,system.runtime.interopservices@4.3.0,NA
system.runtime.numerics@4.3.0,system.runtime.numerics@4.3.0,NA
system.runtime.serialization.formatters@4.3.0,system.runtime.serialization.formatters@4.3.0,NA
system.runtime.serialization.json@4.3.0,system.runtime.serialization.json@4.3.0,NA
system.runtime.serialization.primitives@4.3.0,system.runtime.serialization.primitives@4.3.0,NA
system.runtime.serialization.xml@4.1.1,system.runtime.serialization.xml@4.1.1,NA
system.runtime@4.3.0,system.runtime@4.3.0,NA
system.security.accesscontrol@4.7.0,system.security.accesscontrol@4.7.0,NA
system.security.accesscontrol@5.0.0,system.security.accesscontrol@5.0.0,NA
system.security.cryptography.algorithms@4.3.0,system.security.cryptography.algorithms@4.3.0,NA
system.security.cryptography.cng@4.3.0,system.security.cryptography.cng@4.3.0,NA
system.security.cryptography.cng@5.0.0,system.security.cryptography.cng@5.0.0,NA
system.security.cryptography.csp@4.3.0,system.security.cryptography.csp@4.3.0,NA
system.security.cryptography.encoding@4.3.0,system.security.cryptography.encoding@4.3.0,NA
system.security.cryptography.openssl@4.3.0,system.security.cryptography.openssl@4.3.0,NA
system.security.cryptography.pkcs@4.7.0,system.security.cryptography.pkcs@4.7.0,NA
system.security.cryptography.pkcs@6.0.0,system.security.cryptography.pkcs@6.0.0,NA
system.security.cryptography.primitives@4.3.0,system.security.cryptography.primitives@4.3.0,NA
system.security.cryptography.protecteddata@4.4.0,system.security.cryptography.protecteddata@4.4.0,NA
system.security.cryptography.protecteddata@4.7.0,system.security.cryptography.protecteddata@4.7.0,NA
system.security.cryptography.protecteddata@5.0.0,system.security.cryptography.protecteddata@5.0.0,NA
system.security.cryptography.protecteddata@7.0.0,system.security.cryptography.protecteddata@7.0.0,NA
system.security.cryptography.x509certificates@4.3.0,system.security.cryptography.x509certificates@4.3.0,NA
system.security.cryptography.xml@4.7.1,system.security.cryptography.xml@4.7.1,NA
system.security.cryptography.xml@5.0.0,system.security.cryptography.xml@5.0.0,NA
system.security.permissions@4.7.0,system.security.permissions@4.7.0,NA
system.security.permissions@5.0.0,system.security.permissions@5.0.0,NA
system.security.permissions@7.0.0,system.security.permissions@7.0.0,NA
system.security.principal.windows@4.7.0,system.security.principal.windows@4.7.0,NA
system.security.principal.windows@5.0.0,system.security.principal.windows@5.0.0,NA
system.security.securestring@4.3.0,system.security.securestring@4.3.0,NA
system.servicemodel.http@4.10.0,system.servicemodel.http@4.10.0,NA
system.servicemodel.primitives@4.10.0,system.servicemodel.primitives@4.10.0,NA
system.text.encoding.codepages@5.0.0,system.text.encoding.codepages@5.0.0,NA
system.text.encoding.codepages@6.0.0,system.text.encoding.codepages@6.0.0,NA
system.text.encoding.extensions@4.3.0,system.text.encoding.extensions@4.3.0,NA
system.text.encoding@4.3.0,system.text.encoding@4.3.0,NA
system.text.encodings.web@7.0.0,system.text.encodings.web@7.0.0,NA
system.text.json@7.0.0,system.text.json@7.0.0,NA
system.text.regularexpressions@4.3.0,system.text.regularexpressions@4.3.0,NA
system.threading.tasks.extensions@4.3.0,system.threading.tasks.extensions@4.3.0,NA
system.threading.tasks.extensions@4.5.4,system.threading.tasks.extensions@4.5.4,NA
system.threading.tasks.parallel@4.3.0,system.threading.tasks.parallel@4.3.0,NA
system.threading.tasks@4.3.0,system.threading.tasks@4.3.0,NA
system.threading.thread@4.3.0,system.threading.thread@4.3.0,NA
system.threading.threadpool@4.3.0,system.threading.threadpool@4.3.0,NA
system.threading.timer@4.3.0,system.threading.timer@4.3.0,NA
system.threading@4.3.0,system.threading@4.3.0,NA
system.valuetuple@4.4.0,system.valuetuple@4.4.0,NA
system.valuetuple@4.5.0,system.valuetuple@4.5.0,NA
system.windows.extensions@4.7.0,system.windows.extensions@4.7.0,NA
system.windows.extensions@5.0.0,system.windows.extensions@5.0.0,NA
system.windows.extensions@7.0.0,system.windows.extensions@7.0.0,NA
system.xml.readerwriter@4.3.0,system.xml.readerwriter@4.3.0,NA
system.xml.xdocument@4.3.0,system.xml.xdocument@4.3.0,NA
system.xml.xmldocument@4.3.0,system.xml.xmldocument@4.3.0,NA
system.xml.xmlserializer@4.0.11,system.xml.xmlserializer@4.0.11,NA
system.xml.xmlserializer@4.3.0,system.xml.xmlserializer@4.3.0,NA
vanguard@5.0.0,vanguard@5.0.0,NA
webmarkupmin.aspnet.common@2.13.8,webmarkupmin.aspnet.common@2.13.8,NA
webmarkupmin.aspnetcore7@2.13.8,webmarkupmin.aspnetcore7@2.13.8,NA
webmarkupmin.core@2.13.8,webmarkupmin.core@2.13.8,NA
webmarkupmin.nuglify@2.13.6,webmarkupmin.nuglify@2.13.6,NA
xlparser@1.5.2,xlparser@1.5.2,NA
NA,**version@for,NA
NA,abbrev@1.1.1,NA
NA,acorn-node@1.8.2,NA
NA,acorn-walk@7.2.0,NA
NA,acorn@7.4.1,NA
NA,admin-lte@3.2.0,NA
NA,aggregate-error@4.0.1,NA
NA,amdefine@1.0.1,NA
NA,ansi-colors@1.1.0,NA
NA,ansi-gray@0.1.1,NA
NA,ansi-regex@2.1.1,NA
NA,ansi-wrap@0.1.0,NA
NA,anymatch@2.0.0,NA
NA,append-buffer@1.0.2,NA
NA,archy@1.0.0,NA
NA,arr-diff@4.0.0,NA
NA,arr-filter@1.1.2,NA
NA,arr-flatten@1.1.0,NA
NA,arr-map@2.0.2,NA
NA,arr-union@3.1.0,NA
NA,array-differ@3.0.0,NA
NA,array-each@1.0.1,NA
NA,array-from@2.1.1,NA
NA,array-initial@1.1.0,NA
NA,array-last@1.3.0,NA
NA,array-slice@1.1.0,NA
NA,array-sort@1.0.0,NA
NA,array-union@2.1.0,NA
NA,array-unique@0.3.2,NA
NA,arrify@2.0.1,NA
NA,assign-symbols@1.0.0,NA
NA,ast-transform@0.0.0,NA
NA,ast-types@0.7.8,NA
NA,async-done@1.3.2,NA
NA,async-each@1.0.3,NA
NA,async-settle@1.0.0,NA
NA,atob@2.1.2,NA
NA,axios@0.26.1,NA
NA,bach@1.2.0,NA
NA,balanced-match@1.0.0,NA
NA,base64-js@1.3.1,NA
NA,base@0.11.2,NA
NA,binary-extensions@1.13.1,NA
NA,bindings@1.5.0,NA
NA,bootstrap-colorpicker@3.4.0,NA
NA,bootstrap-rtl@4.6.0-1,NA
NA,bootstrap-slider@11.0.2,NA
NA,bootstrap-switch@3.3.4,NA
NA,bootstrap-touchspin@4.3.0,NA
NA,bootstrap4-duallistbox@4.0.2,NA
NA,bootstrap@4.6.0,NA
NA,bootstrap@4.6.2,NA
NA,brace-expansion@1.1.11,NA
NA,braces@2.3.2,NA
NA,braces@3.0.2,NA
NA,brfs@2.0.2,NA
NA,brotli@1.3.3,NA
NA,browser-resolve@1.11.3,NA
NA,browserify-optional@1.0.1,NA
NA,bs-custom-file-input@1.3.4,NA
NA,bs-stepper@1.7.0,NA
NA,buffer-crc32@0.2.13,NA
NA,buffer-equal@0.0.1,NA
NA,buffer-equal@1.0.0,NA
NA,buffer-from@1.1.1,NA
NA,cache-base@1.0.1,NA
NA,call-bind@1.0.2,NA
NA,camelcase@3.0.0,NA
NA,chart.js@2.9.4,NA
NA,chartjs-color-string@0.6.0,NA
NA,chartjs-color@2.4.1,NA
NA,chokidar@2.1.8,NA
NA,class-utils@0.3.6,NA
NA,classlibrary2@1.0.0,NA
NA,cldr-data-downloader@1.0.0-1,NA
NA,cldr-data@36.0.1,NA
NA,cldrjs@0.5.5,NA
NA,clean-stack@4.2.0,NA
NA,cliui@3.2.0,NA
NA,clone-buffer@1.0.0,NA
NA,clone-stats@1.0.0,NA
NA,clone@1.0.4,NA
NA,clone@2.1.2,NA
NA,cloneable-readable@1.1.3,NA
NA,code-point-at@1.1.0,NA
NA,codemirror@5.65.1,NA
NA,collection-map@1.0.0,NA
NA,collection-visit@1.0.0,NA
NA,color-convert@1.9.3,NA
NA,color-name@1.1.3,NA
NA,color-name@1.1.4,NA
NA,color-support@1.1.3,NA
NA,component-emitter@1.3.0,NA
NA,concat-map@0.0.1,NA
NA,concat-stream@1.6.2,NA
NA,convert-source-map@1.7.0,NA
NA,copy-descriptor@0.1.1,NA
NA,copy-props@2.0.5,NA
NA,core-util-is@1.0.2,NA
NA,core@2.11.6,NA
NA,crypto-js@4.1.1,NA
NA,d@1.0.1,NA
NA,dash-ast@2.0.1,NA
NA,datatables.net-autofill-bs4@2.3.9,NA
NA,datatables.net-autofill@2.3.9,NA
NA,datatables.net-bs4@1.12.1,NA
NA,datatables.net-buttons-bs4@1.6.5,NA
NA,datatables.net-buttons-bs4@2.2.3,NA
NA,datatables.net-buttons@1.6.5,NA
NA,datatables.net-buttons@2.2.3,NA
NA,datatables.net-colreorder-bs4@1.5.5,NA
NA,datatables.net-colreorder@1.5.5,NA
NA,datatables.net-fixedcolumns-bs4@4.1.0,NA
NA,datatables.net-fixedcolumns@4.1.0,NA
NA,datatables.net-fixedheader-bs4@3.2.1,NA
NA,datatables.net-fixedheader@3.2.1,NA
NA,datatables.net-keytable-bs4@2.6.4,NA
NA,datatables.net-keytable@2.6.4,NA
NA,datatables.net-responsive-bs4@2.2.9,NA
NA,datatables.net-responsive@2.2.9,NA
NA,datatables.net-rowgroup-bs4@1.1.4,NA
NA,datatables.net-rowgroup@1.1.4,NA
NA,datatables.net-rowreorder-bs4@1.2.8,NA
NA,datatables.net-rowreorder@1.2.8,NA
NA,datatables.net-scroller-bs4@2.0.5,NA
NA,datatables.net-scroller@2.0.5,NA
NA,datatables.net-searchbuilder-bs4@1.3.4,NA
NA,datatables.net-searchbuilder@1.3.4,NA
NA,datatables.net-searchpanes-bs4@1.4.0,NA
NA,datatables.net-searchpanes@1.4.0,NA
NA,datatables.net-select-bs4@1.3.4,NA
NA,datatables.net-select@1.3.4,NA
NA,datatables.net@1.12.1,NA
NA,daterangepicker@3.1.0,NA
NA,debug@2.6.9,NA
NA,decamelize@1.2.0,NA
NA,decode-uri-component@0.2.0,['CVE-2022-38900']
NA,deep-equal@1.1.1,NA
NA,deep-is@0.1.4,NA
NA,deepmerge@4.2.2,NA
NA,default-compare@1.0.0,NA
NA,default-resolution@2.0.0,NA
NA,define-properties@1.1.3,NA
NA,define-property@0.2.5,NA
NA,define-property@1.0.0,NA
NA,define-property@2.0.2,NA
NA,del@7.0.0,NA
NA,detect-file@1.0.0,NA
NA,dfa@1.2.0,NA
NA,dir-glob@3.0.1,NA
NA,dom7@4.0.4,NA
NA,dropzone@5.9.3,NA
NA,duplexer2@0.1.4,NA
NA,duplexify@3.7.1,NA
NA,each-props@1.3.2,NA
NA,ekko-lightbox@5.3.0,NA
NA,end-of-stream@1.4.4,NA
NA,error-ex@1.3.2,NA
NA,es5-ext@0.10.53,NA
NA,es6-iterator@2.0.3,NA
NA,es6-map@0.1.5,NA
NA,es6-set@0.1.5,NA
NA,es6-symbol@3.1.1,NA
NA,es6-symbol@3.1.3,NA
NA,es6-weak-map@2.0.3,NA
NA,escape-string-regexp@5.0.0,NA
NA,escodegen@1.14.3,NA
NA,escodegen@1.2.0,NA
NA,esprima@1.0.4,NA
NA,esprima@4.0.1,NA
NA,estraverse@1.5.1,NA
NA,estraverse@4.3.0,NA
NA,estree-is-function@1.0.0,NA
NA,esutils@1.0.0,NA
NA,esutils@2.0.3,NA
NA,ev-emitter@1.1.1,NA
NA,eve-raphael@0.5.0,NA
NA,event-emitter@0.3.5,NA
NA,expand-brackets@2.1.4,NA
NA,expand-tilde@2.0.2,NA
NA,ext@1.4.0,NA
NA,extend-shallow@2.0.1,NA
NA,extend-shallow@3.0.2,NA
NA,extend@3.0.2,NA
NA,extglob@2.0.4,NA
NA,fancy-log@1.3.3,NA
NA,farbstastic@1.3.0,NA
NA,fast-glob@3.2.11,NA
NA,fast-levenshtein@2.0.6,NA
NA,fast-memoize@2.5.2,NA
NA,fastclick@1.0.6,NA
NA,fastq@1.13.0,NA
NA,fd-slicer@1.1.0,NA
NA,file-uri-to-path@1.0.0,NA
NA,fill-range@4.0.0,NA
NA,fill-range@7.0.1,NA
NA,filterizr@2.2.4,NA
NA,find-up@1.1.2,NA
NA,findup-sync@2.0.0,NA
NA,findup-sync@3.0.0,NA
NA,fine-uploader@5.16.2,NA
NA,fined@1.2.0,NA
NA,flag-icon-css@4.1.7,NA
NA,flagged-respawn@1.0.1,NA
NA,flot@4.2.2,NA
NA,flush-write-stream@1.1.1,NA
NA,follow-redirects@1.15.1,NA
NA,fontawesome-free@5.15.2,NA
NA,fontawesome-free@5.15.4,NA
NA,fontkit@1.9.1,NA
NA,for-in@1.0.2,NA
NA,for-own@1.0.0,NA
NA,fragment-cache@0.2.1,NA
NA,fs-extra@10.1.0,NA
NA,fs-mkdirp-stream@1.0.0,NA
NA,fs.realpath@1.0.0,NA
NA,fs.scandir@2.1.5,NA
NA,fs.stat@2.0.5,NA
NA,fs.walk@1.2.8,NA
NA,fsevents@1.2.13,NA
NA,fullcalendar@5.10.1,NA
NA,function-bind@1.1.1,NA
NA,functions-have-names@1.2.3,NA
NA,get-assigned-identifiers@1.2.0,NA
NA,get-caller-file@1.0.3,NA
NA,get-intrinsic@1.1.2,NA
NA,get-stream@5.2.0,NA
NA,get-value@2.0.6,NA
NA,glob-parent@3.1.0,['CVE-2020-28469']
NA,glob-parent@5.1.2,NA
NA,glob-stream@6.1.0,NA
NA,glob-watcher@5.0.5,NA
NA,glob@5.0.15,NA
NA,glob@7.1.6,NA
NA,global-modules@1.0.0,NA
NA,global-prefix@1.0.2,NA
NA,globalize@1.7.0,NA
NA,globby@13.1.2,NA
NA,glogg@1.0.2,NA
NA,graceful-fs@4.2.10,NA
NA,gulp-cli@2.3.0,NA
NA,gulp-filter@7.0.0,NA
NA,gulp-rename@1.4.0,NA
NA,gulp-zip@5.1.0,NA
NA,gulp@4.0.2,NA
NA,gulplog@1.0.0,NA
NA,has-symbols@1.0.3,NA
NA,has-tostringtag@1.0.0,NA
NA,has-value@0.3.1,NA
NA,has-value@1.0.0,NA
NA,has-values@0.1.4,NA
NA,has-values@1.0.0,NA
NA,has@1.0.3,NA
NA,homedir-polyfill@1.0.3,NA
NA,hosted-git-info@2.8.9,NA
NA,icheck-bootstrap@3.0.1,NA
NA,iconv-lite@0.6.3,NA
NA,ignore@5.2.0,NA
NA,imagesloaded@4.1.4,NA
NA,immediate@3.0.6,NA
NA,indent-string@5.0.0,NA
NA,inflight@1.0.6,NA
NA,inherits@2.0.4,NA
NA,ini@1.3.8,NA
NA,inputmask@5.0.7,NA
NA,interpret@1.4.0,NA
NA,invert-kv@1.0.0,NA
NA,ion-rangeslider@2.3.1,NA
NA,ionicons@2.0.1,NA
NA,is-absolute@1.0.0,NA
NA,is-accessor-descriptor@0.1.6,NA
NA,is-accessor-descriptor@1.0.0,NA
NA,is-arguments@1.1.1,NA
NA,is-arrayish@0.2.1,NA
NA,is-binary-path@1.0.1,NA
NA,is-buffer@1.1.6,NA
NA,is-data-descriptor@0.1.4,NA
NA,is-data-descriptor@1.0.0,NA
NA,is-date-object@1.0.5,NA
NA,is-descriptor@0.1.6,NA
NA,is-descriptor@1.0.2,NA
NA,is-extendable@0.1.1,NA
NA,is-extendable@1.0.1,NA
NA,is-extglob@2.1.1,NA
NA,is-fullwidth-code-point@1.0.0,NA
NA,is-glob@3.1.0,NA
NA,is-glob@4.0.3,NA
NA,is-negated-glob@1.0.0,NA
NA,is-number@3.0.0,NA
NA,is-number@4.0.0,NA
NA,is-number@7.0.0,NA
NA,is-path-cwd@3.0.0,NA
NA,is-path-inside@4.0.0,NA
NA,is-plain-object@2.0.4,NA
NA,is-plain-object@5.0.0,NA
NA,is-regex@1.1.4,NA
NA,is-relative@1.0.0,NA
NA,is-unc-path@1.0.0,NA
NA,is-utf8@0.2.1,NA
NA,is-valid-glob@1.0.0,NA
NA,is-windows@1.0.2,NA
NA,isarray@1.0.0,NA
NA,isexe@2.0.0,NA
NA,isobject@2.1.0,NA
NA,isobject@3.0.1,NA
NA,jquery-dateformat@10-01-2014,NA
NA,jquery-knob-chif@1.2.13,NA
NA,jquery-mapael@2.2.0,NA
NA,jquery-migrate@3.4.0,NA
NA,jquery-mousewheel@3.1.13,NA
NA,jquery-tageditor@1.0.1,NA
NA,jquery-ui-dist@1.13.2,NA
NA,jquery-ui-touch-punch@0.2.3,NA
NA,jquery-ui@1.10.4,"['CVE-2021-41182', 'CVE-2021-41184', 'CVE-2021-41183', 'CVE-2016-7103']"
NA,jquery-ui@1.13.2,NA
NA,jquery-validation-plugin@1.19.5,NA
NA,jquery-validation-unobtrusive@4.0.0,NA
NA,jquery-validation@1.19.5,NA
NA,jquery@1.10.2,NA
NA,jquery@1.11.1,"['CVE-2019-11358', 'CVE-2020-11023', 'CVE-2020-11022', 'CVE-2020-23064', 'CVE-2015-9251']"
NA,jquery@2.1.1,"['CVE-2020-11023', 'CVE-2019-11358', 'CVE-2020-11022', 'CVE-2020-23064']"
NA,jquery@3.6.0,NA
NA,jquery@migrate,NA
NA,jqvmap-novulnerability@1.5.1,NA
NA,jsgrid@1.5.3,NA
NA,json-stable-stringify-without-jsonify@1.0.1,NA
NA,jsonfile@6.1.0,NA
NA,jsrender@1.0.11,NA
NA,jsrender@1.0.11:,NA
NA,jszip@3.7.1,['CVE-2022-48285']
NA,just-debounce@1.0.0,NA
NA,kind-of@3.2.2,NA
NA,kind-of@4.0.0,NA
NA,kind-of@5.1.0,NA
NA,kind-of@6.0.3,NA
NA,last-run@1.1.1,NA
NA,lazystream@1.0.0,NA
NA,lcid@1.0.0,NA
NA,lead@1.0.0,NA
NA,levn@0.3.0,NA
NA,lie@3.3.0,NA
NA,liftoff@3.1.0,NA
NA,linebreak@1.1.1,NA
NA,load-json-file@1.1.0,NA
NA,magic-string@0.25.1,NA
NA,magnific-popup@1.1.0,NA
NA,make-iterator@1.0.1,NA
NA,map-cache@0.2.2,NA
NA,map-visit@1.0.0,NA
NA,matchdep@2.0.0,NA
NA,merge-source-map@1.0.4,NA
NA,merge2@1.4.1,NA
NA,micromatch@3.1.10,NA
NA,micromatch@4.0.5,NA
NA,microsoft.netcore.platforms@1.0.1,NA
NA,microsoft.netcore.targets@1.0.1,NA
NA,microsoft.win32.primitives@4.0.1,NA
NA,minimatch@3.0.4,NA
NA,minimatch@3.0.5,NA
NA,minimist@1.2.6,NA
NA,mixin-deep@1.3.2,NA
NA,mkdirp@0.5.5,NA
NA,moment-timezone@0.5.34,NA
NA,moment@2.24.0,"['CVE-2022-24785', 'CVE-2022-31129']"
NA,moment@2.29.4,NA
NA,ms@2.0.0,NA
NA,multimatch@5.0.0,NA
NA,mute-stdout@1.0.1,NA
NA,nan@2.14.1,NA
NA,nanomatch@1.2.13,NA
NA,netfx-guard@1.2.0.0,NA
NA,netstandard.library@1.6.0,NA
NA,next-tick@1.0.0,NA
NA,nopt@3.0.6,NA
NA,normalize-package-data@2.5.0,NA
NA,normalize-path@2.1.1,NA
NA,normalize-path@3.0.0,NA
NA,now-and-later@2.0.1,NA
NA,nuget.build.tasks.pack@4.0.0-zlocal-50532,NA
NA,number-is-nan@1.0.1,NA
NA,object-copy@0.1.0,NA
NA,object-inspect@1.12.2,NA
NA,object-is@1.1.5,NA
NA,object-keys@1.1.1,NA
NA,object-visit@1.0.1,NA
NA,object.assign@4.1.0,NA
NA,object.defaults@1.1.0,NA
NA,object.map@1.0.1,NA
NA,object.pick@1.3.0,NA
NA,object.reduce@1.0.1,NA
NA,once@1.4.0,NA
NA,optionator@0.8.3,NA
NA,ordered-read-streams@1.0.1,NA
NA,os-locale@1.4.0,NA
NA,overlayscrollbars@1.13.3,NA
NA,p-map@5.5.0,NA
NA,pace-progress@1.0.7,NA
NA,pako@0.2.9,NA
NA,pako@1.0.11,NA
NA,parse-filepath@1.0.2,NA
NA,parse-json@2.2.0,NA
NA,parse-node-version@1.0.1,NA
NA,parse-passwd@1.0.0,NA
NA,pascalcase@0.1.1,NA
NA,path-dirname@1.0.2,NA
NA,path-exists@2.1.0,NA
NA,path-is-absolute@1.0.1,NA
NA,path-parse@1.0.7,NA
NA,path-root-regex@0.1.2,NA
NA,path-root@0.1.1,NA
NA,path-type@1.1.0,NA
NA,path-type@4.0.0,NA
NA,pdfkit@0.13.0,NA
NA,pdfmake@0.2.5,NA
NA,pend@1.2.0,NA
NA,picomatch@2.3.1,NA
NA,pify@2.3.0,NA
NA,pinkie-promise@2.0.1,NA
NA,pinkie@2.0.4,NA
NA,plugin-error@1.0.1,NA
NA,png-js@1.0.0,NA
NA,popper.js@1.16.1,NA
NA,posix-character-classes@0.1.1,NA
NA,prelude-ls@1.1.2,NA
NA,pretty-hrtime@1.0.3,NA
NA,process-nextick-args@2.0.1,NA
NA,pump@2.0.1,NA
NA,pump@3.0.0,NA
NA,pumpify@1.5.1,NA
NA,q@1.0.1,NA
NA,queue-microtask@1.2.3,NA
NA,quote-stream@1.0.2,NA
NA,raphael@2.3.0,NA
NA,read-pkg-up@1.0.1,NA
NA,read-pkg@1.1.0,NA
NA,readable-stream@2.3.7,NA
NA,readable-stream@3.6.0,NA
NA,readdirp@2.2.1,NA
NA,rechoir@0.6.2,NA
NA,regex-not@1.0.2,NA
NA,regexp.prototype.flags@1.4.3,NA
NA,remove-bom-buffer@3.0.0,NA
NA,remove-bom-stream@1.2.0,NA
NA,remove-trailing-separator@1.1.0,NA
NA,repeat-element@1.1.3,NA
NA,repeat-string@1.6.1,NA
NA,replace-ext@1.0.1,NA
NA,replace-homedir@1.0.0,NA
NA,require-directory@2.1.1,NA
NA,require-main-filename@1.0.1,NA
NA,resolve-dir@1.0.1,NA
NA,resolve-options@1.1.0,NA
NA,resolve-url@0.2.1,NA
NA,resolve@1.1.7,NA
NA,resolve@1.17.0,NA
NA,restructure@2.0.2,NA
NA,ret@0.1.15,NA
NA,reusify@1.0.4,NA
NA,rimraf@3.0.2,NA
NA,run-parallel@1.2.0,NA
NA,safe-buffer@5.1.2,NA
NA,safe-regex@1.1.0,NA
NA,safer-buffer@2.1.2,NA
NA,sax@1.2.4,NA
NA,scope-analyzer@2.1.2,NA
NA,select2-bootstrap4-theme@1.5.2,NA
NA,select2@4.0.13,NA
NA,select2@4.1.0-rc.0,NA
NA,semver-greatest-satisfied-range@1.1.0,NA
NA,semver@5.7.1,['CVE-2022-25883']
NA,set-blocking@2.0.0,NA
NA,set-immediate-shim@1.0.1,NA
NA,set-value@2.0.1,NA
NA,shallow-copy@0.0.1,NA
NA,shepherd.js@10.0.1,NA
NA,slash@4.0.0,NA
NA,smoothscroll-polyfill@0.4.4,NA
NA,snapdragon-node@2.1.1,NA
NA,snapdragon-util@3.0.1,NA
NA,snapdragon@0.8.2,NA
NA,source-map-resolve@0.5.3,NA
NA,source-map-url@0.4.0,NA
NA,source-map@0.1.43,NA
NA,source-map@0.5.7,NA
NA,source-map@0.6.1,NA
NA,sourcemap-codec@1.4.8,NA
NA,sparkles@1.0.1,NA
NA,sparklines@1.3.0,NA
NA,spdx-correct@3.1.1,NA
NA,spdx-exceptions@2.3.0,NA
NA,spdx-expression-parse@3.0.1,NA
NA,spdx-license-ids@3.0.5,NA
NA,split-string@3.1.0,NA
NA,ssr-window@4.0.2,NA
NA,stack-trace@0.0.10,NA
NA,static-eval@2.1.0,NA
NA,static-extend@0.1.2,NA
NA,static-module@3.0.4,NA
NA,stream-exhaust@1.0.2,NA
NA,stream-shift@1.0.1,NA
NA,streamfilter@3.0.0,NA
NA,string-width@1.0.2,NA
NA,string_decoder@1.1.1,NA
NA,strip-ansi@3.0.1,NA
NA,strip-bom@2.0.0,NA
NA,summernote@0.8.20,NA
NA,sver-compat@1.5.0,NA
NA,sweetalert2@11.4.26,NA
NA,swiper@8.3.2,NA
NA,system.appcontext@4.1.0,NA
NA,system.buffers@4.0.0,NA
NA,system.collections.concurrent@4.0.12,NA
NA,system.collections@4.0.11,NA
NA,system.console@4.0.0,NA
NA,system.diagnostics.debug@4.0.11,NA
NA,system.diagnostics.diagnosticsource@4.0.0,NA
NA,system.diagnostics.tools@4.0.1,NA
NA,system.diagnostics.tracing@4.1.0,NA
NA,system.globalization.calendars@4.0.1,NA
NA,system.globalization@4.0.11,NA
NA,system.io.compression.zipfile@4.0.1,NA
NA,system.io.compression@4.1.0,NA
NA,system.io.filesystem.primitives@4.0.1,NA
NA,system.io.filesystem@4.0.1,NA
NA,system.io@4.1.0,NA
NA,system.linq.expressions@4.1.0,NA
NA,system.linq@4.1.0,NA
NA,system.net.http@4.1.0,NA
NA,system.net.primitives@4.0.11,NA
NA,system.net.sockets@4.1.0,NA
NA,system.objectmodel@4.0.12,NA
NA,system.reflection.extensions@4.0.1,NA
NA,system.reflection.primitives@4.0.1,NA
NA,system.reflection@4.1.0,NA
NA,system.resources.resourcemanager@4.0.1,NA
NA,system.runtime.extensions@4.1.0,NA
NA,system.runtime.handles@4.0.1,NA
NA,system.runtime.interopservices.runtimeinformation@4.0.0,NA
NA,system.runtime.interopservices@4.1.0,NA
NA,system.runtime.numerics@4.0.1,NA
NA,system.runtime@4.1.0,NA
NA,system.security.cryptography.algorithms@4.2.0,NA
NA,system.security.cryptography.encoding@4.0.0,NA
NA,system.security.cryptography.primitives@4.0.0,NA
NA,system.security.cryptography.x509certificates@4.1.0,NA
NA,system.text.encoding.extensions@4.0.11,NA
NA,system.text.encoding@4.0.11,NA
NA,system.text.regularexpressions@4.1.0,NA
NA,system.threading.tasks.extensions@4.0.0,NA
NA,system.threading.tasks@4.0.11,NA
NA,system.threading.timer@4.0.1,NA
NA,system.threading@4.0.11,NA
NA,system.xml.readerwriter@4.0.11,NA
NA,system.xml.xdocument@4.0.11,NA
NA,tempusdominus-bootstrap-4@5.39.0,NA
NA,tempusdominus-core@5.19.0,NA
NA,theme-bootstrap-4@5.0.11,NA
NA,through2-filter@3.0.0,NA
NA,through2@2.0.5,NA
NA,through2@3.0.2,NA
NA,through@2.3.8,NA
NA,time-stamp@1.1.0,NA
NA,tiny-inflate@1.0.3,NA
NA,tinymce-langs@1.0.0,NA
NA,tinymce@5.10.7,NA
NA,to-absolute-glob@2.0.2,NA
NA,to-object-path@0.3.0,NA
NA,to-regex-range@2.1.1,NA
NA,to-regex-range@5.0.1,NA
NA,to-regex@3.0.2,NA
NA,to-through@2.0.0,NA
NA,toastr@2.1.4,NA
NA,type-check@0.3.2,NA
NA,type@1.2.0,NA
NA,type@2.0.0,NA
NA,typeahead.js@0.11.1,NA
NA,typedarray@0.0.6,NA
NA,unc-path-regex@0.1.2,NA
NA,undertaker-registry@1.0.1,NA
NA,undertaker@1.2.1,NA
NA,unicode-properties@1.4.1,NA
NA,unicode-trie@2.0.0,NA
NA,union-value@1.0.1,NA
NA,unique-stream@2.3.1,NA
NA,universalify@2.0.0,NA
NA,unset-value@1.0.0,NA
NA,upath@1.2.0,NA
NA,uplot@1.6.18,NA
NA,urix@0.1.0,NA
NA,use@3.1.1,NA
NA,util-deprecate@1.0.2,NA
NA,v8flags@3.2.0,NA
NA,validate-npm-package-license@3.0.4,NA
NA,value-or-function@3.0.0,NA
NA,vinyl-fs@3.0.3,NA
NA,vinyl-sourcemap@1.1.0,NA
NA,vinyl@2.2.0,NA
NA,which-module@1.0.0,NA
NA,which@1.3.1,NA
NA,word-wrap@1.2.3,['CVE-2023-26115']
NA,wrap-ansi@2.1.0,NA
NA,wrappy@1.0.2,NA
NA,xmldoc@1.2.0,NA
NA,xtend@4.0.2,NA
NA,y18n@3.2.2,NA
NA,yargs-parser@5.0.0-security.0,NA
NA,yargs@7.1.1,NA
NA,yauzl@2.10.0,NA
NA,yazl@2.5.1,NA
