From_Source,Securin-SBOM,Checkmarx-SBOM,CVE[Securin],License[Securin]
advancedstringbuilder@0.1.0,advancedstringbuilder@0.1.0,advancedstringbuilder@0.1.0,NA,NA
autofac.extensions.dependencyinjection@8.0.0,autofac.extensions.dependencyinjection@8.0.0,autofac.extensions.dependencyinjection@8.0.0,NA,NA
autofac@6.4.0,autofac@6.4.0,autofac@6.4.0,NA,NA
automapper.extensions.microsoft.dependencyinjection@12.0.0,automapper.extensions.microsoft.dependencyinjection@12.0.0,automapper.extensions.microsoft.dependencyinjection@12.0.0,NA,NA
automapper@12.0.0,automapper@12.0.0,automapper@12.0.0,NA,NA
automapper@9.0.0,automapper@9.0.0,NA,NA,NA
avalara.avatax@21.10.0,avalara.avatax@21.10.0,avalara.avatax@21.10.0,NA,NA
azure.core@1.29.0,azure.core@1.29.0,azure.core@1.29.0,NA,NA
azure.extensions.aspnetcore.dataprotection.blobs@1.3.1,azure.extensions.aspnetcore.dataprotection.blobs@1.3.1,azure.extensions.aspnetcore.dataprotection.blobs@1.3.1,NA,NA
azure.extensions.aspnetcore.dataprotection.keys@1.2.1,azure.extensions.aspnetcore.dataprotection.keys@1.2.1,azure.extensions.aspnetcore.dataprotection.keys@1.2.1,NA,NA
azure.identity@1.8.2,azure.identity@1.8.2,azure.identity@1.8.2,['CVE-2023-36414'],NA
azure.security.keyvault.keys@4.2.0,azure.security.keyvault.keys@4.2.0,azure.security.keyvault.keys@4.2.0,NA,NA
azure.storage.blobs@12.13.1,azure.storage.blobs@12.13.1,azure.storage.blobs@12.13.1,NA,NA
azure.storage.blobs@12.15.0,azure.storage.blobs@12.15.0,azure.storage.blobs@12.15.0,NA,NA
azure.storage.common@12.12.0,azure.storage.common@12.12.0,azure.storage.common@12.12.0,NA,NA
azure.storage.common@12.14.0,azure.storage.common@12.14.0,azure.storage.common@12.14.0,NA,NA
braintreehttp-dotnet@0.3.0,braintreehttp-dotnet@0.3.0,braintreehttp-dotnet@0.3.0,NA,NA
castle.core@5.1.1,castle.core@5.1.1,castle.core@5.1.1,NA,NA
closedxml@0.100.3,closedxml@0.100.3,closedxml@0.100.3,NA,NA
cybersource.authentication.netstandard@0.0.1.9,cybersource.authentication.netstandard@0.0.1.9,cybersource.authentication.netstandard@0.0.1.9,NA,NA
cybersource.rest.client.netstandard@0.0.1.19,cybersource.rest.client.netstandard@0.0.1.19,cybersource.rest.client.netstandard@0.0.1.19,NA,NA
documentformat.openxml@2.16.0,documentformat.openxml@2.16.0,documentformat.openxml@2.16.0,NA,NA
excelnumberformat@1.1.0,excelnumberformat@1.1.0,excelnumberformat@1.1.0,NA,NA
excss@4.1.4,excss@4.1.4,NA,NA,NA
fizzler@1.2.1,fizzler@1.2.1,NA,NA,NA
fluentassertions@6.10.0,fluentassertions@6.10.0,fluentassertions@6.10.0,NA,NA
fluentmigrator.abstractions@3.3.2,fluentmigrator.abstractions@3.3.2,fluentmigrator.abstractions@3.3.2,NA,NA
fluentmigrator.extensions.oracle@3.3.2,fluentmigrator.extensions.oracle@3.3.2,fluentmigrator.extensions.oracle@3.3.2,NA,NA
fluentmigrator.extensions.postgres@3.3.2,fluentmigrator.extensions.postgres@3.3.2,fluentmigrator.extensions.postgres@3.3.2,NA,NA
fluentmigrator.extensions.sqlanywhere@3.3.2,fluentmigrator.extensions.sqlanywhere@3.3.2,fluentmigrator.extensions.sqlanywhere@3.3.2,NA,NA
fluentmigrator.extensions.sqlserver@3.3.2,fluentmigrator.extensions.sqlserver@3.3.2,fluentmigrator.extensions.sqlserver@3.3.2,NA,NA
fluentmigrator.runner.core@3.3.2,fluentmigrator.runner.core@3.3.2,fluentmigrator.runner.core@3.3.2,NA,NA
fluentmigrator.runner.db2@3.3.2,fluentmigrator.runner.db2@3.3.2,fluentmigrator.runner.db2@3.3.2,NA,NA
fluentmigrator.runner.firebird@3.3.2,fluentmigrator.runner.firebird@3.3.2,fluentmigrator.runner.firebird@3.3.2,NA,NA
fluentmigrator.runner.hana@3.3.2,fluentmigrator.runner.hana@3.3.2,fluentmigrator.runner.hana@3.3.2,NA,NA
fluentmigrator.runner.mysql@3.3.2,fluentmigrator.runner.mysql@3.3.2,fluentmigrator.runner.mysql@3.3.2,NA,NA
fluentmigrator.runner.oracle@3.3.2,fluentmigrator.runner.oracle@3.3.2,fluentmigrator.runner.oracle@3.3.2,NA,NA
fluentmigrator.runner.postgres@3.3.2,fluentmigrator.runner.postgres@3.3.2,fluentmigrator.runner.postgres@3.3.2,NA,NA
fluentmigrator.runner.redshift@3.3.2,fluentmigrator.runner.redshift@3.3.2,fluentmigrator.runner.redshift@3.3.2,NA,NA
fluentmigrator.runner.sqlanywhere@3.3.2,fluentmigrator.runner.sqlanywhere@3.3.2,fluentmigrator.runner.sqlanywhere@3.3.2,NA,NA
fluentmigrator.runner.sqlite@3.3.2,fluentmigrator.runner.sqlite@3.3.2,fluentmigrator.runner.sqlite@3.3.2,NA,NA
fluentmigrator.runner.sqlserver@3.3.2,fluentmigrator.runner.sqlserver@3.3.2,fluentmigrator.runner.sqlserver@3.3.2,NA,NA
fluentmigrator.runner.sqlserverce@3.3.2,fluentmigrator.runner.sqlserverce@3.3.2,fluentmigrator.runner.sqlserverce@3.3.2,NA,NA
fluentmigrator.runner@3.3.2,fluentmigrator.runner@3.3.2,fluentmigrator.runner@3.3.2,NA,NA
fluentmigrator@3.3.2,fluentmigrator@3.3.2,fluentmigrator@3.3.2,NA,NA
fluentvalidation.aspnetcore@11.2.2,fluentvalidation.aspnetcore@11.2.2,fluentvalidation.aspnetcore@11.2.2,NA,NA
fluentvalidation.dependencyinjectionextensions@11.2.1,fluentvalidation.dependencyinjectionextensions@11.2.1,fluentvalidation.dependencyinjectionextensions@11.2.1,NA,NA
fluentvalidation@11.2.1,fluentvalidation@11.2.1,fluentvalidation@11.2.1,NA,NA
fubarcoder.restsharp.portable.core@4.0.8,fubarcoder.restsharp.portable.core@4.0.8,fubarcoder.restsharp.portable.core@4.0.8,NA,NA
fubarcoder.restsharp.portable.httpclient@4.0.8,fubarcoder.restsharp.portable.httpclient@4.0.8,fubarcoder.restsharp.portable.httpclient@4.0.8,NA,NA
googleauthenticator@3.0.0,googleauthenticator@3.0.0,googleauthenticator@3.0.0,NA,NA
harfbuzzsharp.nativeassets.linux@2.8.2.3,harfbuzzsharp.nativeassets.linux@2.8.2.3,harfbuzzsharp.nativeassets.linux@2.8.2.3,NA,NA
harfbuzzsharp.nativeassets.macos@2.8.2.3,harfbuzzsharp.nativeassets.macos@2.8.2.3,NA,NA,NA
harfbuzzsharp.nativeassets.win32@2.8.2.3,harfbuzzsharp.nativeassets.win32@2.8.2.3,NA,NA,NA
harfbuzzsharp@2.8.2.3,harfbuzzsharp@2.8.2.3,NA,NA,NA
humanizer.core.af@2.14.1,humanizer.core.af@2.14.1,humanizer.core.af@2.14.1,NA,NA
humanizer.core.ar@2.14.1,humanizer.core.ar@2.14.1,humanizer.core.ar@2.14.1,NA,NA
humanizer.core.az@2.14.1,humanizer.core.az@2.14.1,humanizer.core.az@2.14.1,NA,NA
humanizer.core.bg@2.14.1,humanizer.core.bg@2.14.1,humanizer.core.bg@2.14.1,NA,NA
humanizer.core.bn-bd@2.14.1,humanizer.core.bn-bd@2.14.1,humanizer.core.bn-bd@2.14.1,NA,NA
humanizer.core.cs@2.14.1,humanizer.core.cs@2.14.1,humanizer.core.cs@2.14.1,NA,NA
humanizer.core.da@2.14.1,humanizer.core.da@2.14.1,humanizer.core.da@2.14.1,NA,NA
humanizer.core.de@2.14.1,humanizer.core.de@2.14.1,humanizer.core.de@2.14.1,NA,NA
humanizer.core.el@2.14.1,humanizer.core.el@2.14.1,humanizer.core.el@2.14.1,NA,NA
humanizer.core.es@2.14.1,humanizer.core.es@2.14.1,humanizer.core.es@2.14.1,NA,NA
humanizer.core.fa@2.14.1,humanizer.core.fa@2.14.1,humanizer.core.fa@2.14.1,NA,NA
humanizer.core.fi-fi@2.14.1,humanizer.core.fi-fi@2.14.1,humanizer.core.fi-fi@2.14.1,NA,NA
humanizer.core.fr-be@2.14.1,humanizer.core.fr-be@2.14.1,humanizer.core.fr-be@2.14.1,NA,NA
humanizer.core.fr@2.14.1,humanizer.core.fr@2.14.1,humanizer.core.fr@2.14.1,NA,NA
humanizer.core.he@2.14.1,humanizer.core.he@2.14.1,humanizer.core.he@2.14.1,NA,NA
humanizer.core.hr@2.14.1,humanizer.core.hr@2.14.1,humanizer.core.hr@2.14.1,NA,NA
humanizer.core.hu@2.14.1,humanizer.core.hu@2.14.1,humanizer.core.hu@2.14.1,NA,NA
humanizer.core.hy@2.14.1,humanizer.core.hy@2.14.1,humanizer.core.hy@2.14.1,NA,NA
humanizer.core.id@2.14.1,humanizer.core.id@2.14.1,humanizer.core.id@2.14.1,NA,NA
humanizer.core.is@2.14.1,humanizer.core.is@2.14.1,humanizer.core.is@2.14.1,NA,NA
humanizer.core.it@2.14.1,humanizer.core.it@2.14.1,humanizer.core.it@2.14.1,NA,NA
humanizer.core.ja@2.14.1,humanizer.core.ja@2.14.1,humanizer.core.ja@2.14.1,NA,NA
humanizer.core.ko-kr@2.14.1,humanizer.core.ko-kr@2.14.1,humanizer.core.ko-kr@2.14.1,NA,NA
humanizer.core.ku@2.14.1,humanizer.core.ku@2.14.1,humanizer.core.ku@2.14.1,NA,NA
humanizer.core.lv@2.14.1,humanizer.core.lv@2.14.1,humanizer.core.lv@2.14.1,NA,NA
humanizer.core.ms-my@2.14.1,humanizer.core.ms-my@2.14.1,humanizer.core.ms-my@2.14.1,NA,NA
humanizer.core.mt@2.14.1,humanizer.core.mt@2.14.1,humanizer.core.mt@2.14.1,NA,NA
humanizer.core.nb-no@2.14.1,humanizer.core.nb-no@2.14.1,humanizer.core.nb-no@2.14.1,NA,NA
humanizer.core.nb@2.14.1,humanizer.core.nb@2.14.1,humanizer.core.nb@2.14.1,NA,NA
humanizer.core.nl@2.14.1,humanizer.core.nl@2.14.1,humanizer.core.nl@2.14.1,NA,NA
humanizer.core.pl@2.14.1,humanizer.core.pl@2.14.1,humanizer.core.pl@2.14.1,NA,NA
humanizer.core.pt@2.14.1,humanizer.core.pt@2.14.1,humanizer.core.pt@2.14.1,NA,NA
humanizer.core.ro@2.14.1,humanizer.core.ro@2.14.1,humanizer.core.ro@2.14.1,NA,NA
humanizer.core.ru@2.14.1,humanizer.core.ru@2.14.1,humanizer.core.ru@2.14.1,NA,NA
humanizer.core.sk@2.14.1,humanizer.core.sk@2.14.1,humanizer.core.sk@2.14.1,NA,NA
humanizer.core.sl@2.14.1,humanizer.core.sl@2.14.1,humanizer.core.sl@2.14.1,NA,NA
humanizer.core.sr-latn@2.14.1,humanizer.core.sr-latn@2.14.1,humanizer.core.sr-latn@2.14.1,NA,NA
humanizer.core.sr@2.14.1,humanizer.core.sr@2.14.1,humanizer.core.sr@2.14.1,NA,NA
humanizer.core.sv@2.14.1,humanizer.core.sv@2.14.1,humanizer.core.sv@2.14.1,NA,NA
humanizer.core.th-th@2.14.1,humanizer.core.th-th@2.14.1,humanizer.core.th-th@2.14.1,NA,NA
humanizer.core.tr@2.14.1,humanizer.core.tr@2.14.1,humanizer.core.tr@2.14.1,NA,NA
humanizer.core.uk@2.14.1,humanizer.core.uk@2.14.1,humanizer.core.uk@2.14.1,NA,NA
humanizer.core.uz-cyrl-uz@2.14.1,humanizer.core.uz-cyrl-uz@2.14.1,humanizer.core.uz-cyrl-uz@2.14.1,NA,NA
humanizer.core.uz-latn-uz@2.14.1,humanizer.core.uz-latn-uz@2.14.1,humanizer.core.uz-latn-uz@2.14.1,NA,NA
humanizer.core.vi@2.14.1,humanizer.core.vi@2.14.1,humanizer.core.vi@2.14.1,NA,NA
humanizer.core.zh-cn@2.14.1,humanizer.core.zh-cn@2.14.1,humanizer.core.zh-cn@2.14.1,NA,NA
humanizer.core.zh-hans@2.14.1,humanizer.core.zh-hans@2.14.1,humanizer.core.zh-hans@2.14.1,NA,NA
humanizer.core.zh-hant@2.14.1,humanizer.core.zh-hant@2.14.1,humanizer.core.zh-hant@2.14.1,NA,NA
humanizer.core@2.14.1,humanizer.core@2.14.1,humanizer.core@2.14.1,NA,NA
humanizer@2.14.1,humanizer@2.14.1,humanizer@2.14.1,NA,NA
irony.netcore@1.0.11,irony.netcore@1.0.11,irony.netcore@1.0.11,NA,NA
jose-jwt@2.5.0,jose-jwt@2.5.0,jose-jwt@2.5.0,NA,NA
jsonsubtypes@1.2.0,jsonsubtypes@1.2.0,jsonsubtypes@1.2.0,NA,NA
ligershark.weboptimizer.core@3.0.380,ligershark.weboptimizer.core@3.0.380,ligershark.weboptimizer.core@3.0.380,NA,NA
linq2db@4.3.0,linq2db@4.3.0,linq2db@4.3.0,NA,NA
mailkit@3.4.3,mailkit@3.4.3,mailkit@3.4.3,NA,NA
maxmind.db@4.0.0,maxmind.db@4.0.0,maxmind.db@4.0.0,NA,NA
maxmind.geoip2@5.1.0,maxmind.geoip2@5.1.0,maxmind.geoip2@5.1.0,NA,NA
microsoft.aspnetcore.authentication.facebook@7.0.3,microsoft.aspnetcore.authentication.facebook@7.0.3,microsoft.aspnetcore.authentication.facebook@7.0.3,NA,NA
microsoft.aspnetcore.cryptography.internal@3.1.32,microsoft.aspnetcore.cryptography.internal@3.1.32,microsoft.aspnetcore.cryptography.internal@3.1.32,NA,NA
microsoft.aspnetcore.dataprotection.abstractions@3.1.32,microsoft.aspnetcore.dataprotection.abstractions@3.1.32,microsoft.aspnetcore.dataprotection.abstractions@3.1.32,NA,NA
microsoft.aspnetcore.dataprotection@3.1.32,microsoft.aspnetcore.dataprotection@3.1.32,microsoft.aspnetcore.dataprotection@3.1.32,NA,NA
microsoft.aspnetcore.jsonpatch@7.0.3,microsoft.aspnetcore.jsonpatch@7.0.3,microsoft.aspnetcore.jsonpatch@7.0.3,NA,NA
microsoft.aspnetcore.mvc.newtonsoftjson@7.0.3,microsoft.aspnetcore.mvc.newtonsoftjson@7.0.3,microsoft.aspnetcore.mvc.newtonsoftjson@7.0.3,NA,NA
microsoft.aspnetcore.mvc.razor.extensions@6.0.0,microsoft.aspnetcore.mvc.razor.extensions@6.0.0,microsoft.aspnetcore.mvc.razor.extensions@6.0.0,NA,NA
microsoft.aspnetcore.mvc.razor.runtimecompilation@7.0.3,microsoft.aspnetcore.mvc.razor.runtimecompilation@7.0.3,microsoft.aspnetcore.mvc.razor.runtimecompilation@7.0.3,NA,NA
microsoft.aspnetcore.razor.language@6.0.0,microsoft.aspnetcore.razor.language@6.0.0,microsoft.aspnetcore.razor.language@6.0.0,NA,NA
microsoft.azure.services.appauthentication@1.6.2,microsoft.azure.services.appauthentication@1.6.2,microsoft.azure.services.appauthentication@1.6.2,NA,NA
microsoft.bcl.asyncinterfaces@6.0.0,microsoft.bcl.asyncinterfaces@6.0.0,microsoft.bcl.asyncinterfaces@6.0.0,NA,NA
microsoft.codeanalysis.analyzers@3.3.2,microsoft.codeanalysis.analyzers@3.3.2,microsoft.codeanalysis.analyzers@3.3.2,NA,NA
microsoft.codeanalysis.common@4.0.0,microsoft.codeanalysis.common@4.0.0,microsoft.codeanalysis.common@4.0.0,NA,NA
microsoft.codeanalysis.csharp@4.0.0,microsoft.codeanalysis.csharp@4.0.0,microsoft.codeanalysis.csharp@4.0.0,NA,NA
microsoft.codeanalysis.razor@6.0.0,microsoft.codeanalysis.razor@6.0.0,microsoft.codeanalysis.razor@6.0.0,NA,NA
microsoft.codecoverage@17.5.0,microsoft.codecoverage@17.5.0,microsoft.codecoverage@17.5.0,NA,NA
microsoft.csharp@4.5.0,microsoft.csharp@4.5.0,NA,NA,NA
microsoft.csharp@4.7.0,microsoft.csharp@4.7.0,microsoft.csharp@4.7.0,NA,NA
microsoft.data.sqlclient.sni.runtime@4.0.0,microsoft.data.sqlclient.sni.runtime@4.0.0,microsoft.data.sqlclient.sni.runtime@4.0.0,NA,NA
microsoft.data.sqlclient.sni.runtime@5.1.0,microsoft.data.sqlclient.sni.runtime@5.1.0,microsoft.data.sqlclient.sni.runtime@5.1.0,NA,NA
microsoft.data.sqlclient@4.0.1,microsoft.data.sqlclient@4.0.1,microsoft.data.sqlclient@4.0.1,NA,NA
microsoft.data.sqlclient@5.1.0,microsoft.data.sqlclient@5.1.0,microsoft.data.sqlclient@5.1.0,NA,NA
microsoft.data.sqlite.core@7.0.1,microsoft.data.sqlite.core@7.0.1,microsoft.data.sqlite.core@7.0.1,NA,NA
microsoft.data.sqlite@7.0.1,microsoft.data.sqlite@7.0.1,microsoft.data.sqlite@7.0.1,NA,NA
microsoft.extensions.caching.abstractions@7.0.0,microsoft.extensions.caching.abstractions@7.0.0,microsoft.extensions.caching.abstractions@7.0.0,NA,NA
microsoft.extensions.caching.sqlserver@7.0.3,microsoft.extensions.caching.sqlserver@7.0.3,microsoft.extensions.caching.sqlserver@7.0.3,NA,NA
microsoft.extensions.caching.stackexchangeredis@7.0.3,microsoft.extensions.caching.stackexchangeredis@7.0.3,microsoft.extensions.caching.stackexchangeredis@7.0.3,NA,NA
microsoft.extensions.configuration.abstractions@3.1.32,microsoft.extensions.configuration.abstractions@3.1.32,microsoft.extensions.configuration.abstractions@3.1.32,NA,NA
microsoft.extensions.dependencyinjection.abstractions@7.0.0,microsoft.extensions.dependencyinjection.abstractions@7.0.0,microsoft.extensions.dependencyinjection.abstractions@7.0.0,NA,NA
microsoft.extensions.dependencyinjection@2.0.0,microsoft.extensions.dependencyinjection@2.0.0,microsoft.extensions.dependencyinjection@2.0.0,NA,NA
microsoft.extensions.dependencymodel@7.0.0,microsoft.extensions.dependencymodel@7.0.0,microsoft.extensions.dependencymodel@7.0.0,NA,NA
microsoft.extensions.fileproviders.abstractions@3.1.32,microsoft.extensions.fileproviders.abstractions@3.1.32,microsoft.extensions.fileproviders.abstractions@3.1.32,NA,NA
microsoft.extensions.hosting.abstractions@3.1.32,microsoft.extensions.hosting.abstractions@3.1.32,microsoft.extensions.hosting.abstractions@3.1.32,NA,NA
microsoft.extensions.logging.abstractions@7.0.0,microsoft.extensions.logging.abstractions@7.0.0,microsoft.extensions.logging.abstractions@7.0.0,NA,NA
microsoft.extensions.logging@2.0.1,microsoft.extensions.logging@2.0.1,microsoft.extensions.logging@2.0.1,NA,NA
microsoft.extensions.objectpool@5.0.10,microsoft.extensions.objectpool@5.0.10,microsoft.extensions.objectpool@5.0.10,NA,NA
microsoft.extensions.options@7.0.1,microsoft.extensions.options@7.0.1,microsoft.extensions.options@7.0.1,NA,NA
microsoft.extensions.primitives@7.0.0,microsoft.extensions.primitives@7.0.0,microsoft.extensions.primitives@7.0.0,NA,NA
microsoft.identity.client.extensions.msal@2.25.3,microsoft.identity.client.extensions.msal@2.25.3,microsoft.identity.client.extensions.msal@2.25.3,NA,NA
microsoft.identity.client@4.49.1,microsoft.identity.client@4.49.1,microsoft.identity.client@4.49.1,NA,NA
microsoft.identitymodel.abstractions@6.22.0,microsoft.identitymodel.abstractions@6.22.0,microsoft.identitymodel.abstractions@6.22.0,NA,NA
microsoft.identitymodel.abstractions@6.24.0,microsoft.identitymodel.abstractions@6.24.0,microsoft.identitymodel.abstractions@6.24.0,NA,NA
microsoft.identitymodel.clients.activedirectory@5.2.9,microsoft.identitymodel.clients.activedirectory@5.2.9,microsoft.identitymodel.clients.activedirectory@5.2.9,NA,NA
microsoft.identitymodel.jsonwebtokens@6.24.0,microsoft.identitymodel.jsonwebtokens@6.24.0,microsoft.identitymodel.jsonwebtokens@6.24.0,NA,NA
microsoft.identitymodel.jsonwebtokens@6.8.0,microsoft.identitymodel.jsonwebtokens@6.8.0,microsoft.identitymodel.jsonwebtokens@6.8.0,NA,NA
microsoft.identitymodel.logging@6.24.0,microsoft.identitymodel.logging@6.24.0,microsoft.identitymodel.logging@6.24.0,NA,NA
microsoft.identitymodel.logging@6.8.0,microsoft.identitymodel.logging@6.8.0,microsoft.identitymodel.logging@6.8.0,NA,NA
microsoft.identitymodel.protocols.openidconnect@6.24.0,microsoft.identitymodel.protocols.openidconnect@6.24.0,microsoft.identitymodel.protocols.openidconnect@6.24.0,NA,NA
microsoft.identitymodel.protocols.openidconnect@6.8.0,microsoft.identitymodel.protocols.openidconnect@6.8.0,microsoft.identitymodel.protocols.openidconnect@6.8.0,NA,NA
microsoft.identitymodel.protocols@6.24.0,microsoft.identitymodel.protocols@6.24.0,microsoft.identitymodel.protocols@6.24.0,NA,NA
microsoft.identitymodel.protocols@6.8.0,microsoft.identitymodel.protocols@6.8.0,microsoft.identitymodel.protocols@6.8.0,NA,NA
microsoft.identitymodel.tokens@6.24.0,microsoft.identitymodel.tokens@6.24.0,microsoft.identitymodel.tokens@6.24.0,NA,NA
microsoft.identitymodel.tokens@6.8.0,microsoft.identitymodel.tokens@6.8.0,microsoft.identitymodel.tokens@6.8.0,NA,NA
microsoft.net.test.sdk@17.5.0,microsoft.net.test.sdk@17.5.0,microsoft.net.test.sdk@17.5.0,NA,NA
microsoft.netcore.platforms@1.1.0,microsoft.netcore.platforms@1.1.0,NA,NA,NA
microsoft.netcore.platforms@3.1.0,microsoft.netcore.platforms@3.1.0,NA,NA,NA
microsoft.netcore.platforms@5.0.0,microsoft.netcore.platforms@5.0.0,microsoft.netcore.platforms@5.0.0,NA,NA
microsoft.netcore.targets@1.1.0,microsoft.netcore.targets@1.1.0,NA,NA,NA
microsoft.netcore.targets@1.1.3,microsoft.netcore.targets@1.1.3,microsoft.netcore.targets@1.1.3,NA,NA
microsoft.sqlserver.server@1.0.0,microsoft.sqlserver.server@1.0.0,microsoft.sqlserver.server@1.0.0,NA,NA
microsoft.testplatform.objectmodel@17.5.0,microsoft.testplatform.objectmodel@17.5.0,microsoft.testplatform.objectmodel@17.5.0,NA,NA
microsoft.testplatform.testhost@17.5.0,microsoft.testplatform.testhost@17.5.0,microsoft.testplatform.testhost@17.5.0,NA,NA
microsoft.win32.primitives@4.3.0,microsoft.win32.primitives@4.3.0,microsoft.win32.primitives@4.3.0,NA,NA
microsoft.win32.registry@5.0.0,microsoft.win32.registry@5.0.0,microsoft.win32.registry@5.0.0,NA,NA
microsoft.win32.systemevents@4.7.0,microsoft.win32.systemevents@4.7.0,NA,NA,NA
microsoft.win32.systemevents@5.0.0,microsoft.win32.systemevents@5.0.0,microsoft.win32.systemevents@5.0.0,NA,NA
microsoft.win32.systemevents@7.0.0,microsoft.win32.systemevents@7.0.0,microsoft.win32.systemevents@7.0.0,NA,NA
mimekit@3.4.3,mimekit@3.4.3,mimekit@3.4.3,NA,NA
miniprofiler.aspnetcore.mvc@4.2.22,miniprofiler.aspnetcore.mvc@4.2.22,NA,NA,NA
miniprofiler.aspnetcore@4.2.22,miniprofiler.aspnetcore@4.2.22,NA,NA,NA
miniprofiler.shared@4.2.22,miniprofiler.shared@4.2.22,NA,NA,NA
moq@4.18.4,moq@4.18.4,moq@4.18.4,NA,NA
mysqlconnector@2.2.5,mysqlconnector@2.2.5,mysqlconnector@2.2.5,NA,NA
netstandard.library@1.6.1,netstandard.library@1.6.1,netstandard.library@1.6.1,NA,NA
netstandard.library@2.0.0,netstandard.library@2.0.0,netstandard.library@2.0.0,NA,NA
newtonsoft.json.bson@1.0.2,newtonsoft.json.bson@1.0.2,newtonsoft.json.bson@1.0.2,NA,NA
newtonsoft.json@10.0.3,newtonsoft.json@10.0.3,NA,NA,NA
newtonsoft.json@12.0.1,newtonsoft.json@12.0.1,NA,NA,NA
newtonsoft.json@13.0.1,newtonsoft.json@13.0.1,newtonsoft.json@13.0.1,NA,NA
nito.asyncex.coordination@5.1.2,nito.asyncex.coordination@5.1.2,nito.asyncex.coordination@5.1.2,NA,NA
nito.asyncex.tasks@5.1.2,nito.asyncex.tasks@5.1.2,nito.asyncex.tasks@5.1.2,NA,NA
nito.collections.deque@1.1.1,nito.collections.deque@1.1.1,nito.collections.deque@1.1.1,NA,NA
nito.disposables@2.2.1,nito.disposables@2.2.1,nito.disposables@2.2.1,NA,NA
nlog@4.7.4,nlog@4.7.4,nlog@4.7.4,NA,NA
nop.core@4.5.0,nop.core@4.5.0,NA,NA,NA
nop.data@4.5.0,nop.data@4.5.0,NA,NA,NA
nop.services@4.5.0,nop.services@4.5.0,NA,NA,NA
nop.web.framework@4.5.0,nop.web.framework@4.5.0,NA,NA,NA
nop.web@4.70.0,nop.web@4.70.0,NA,NA,NA
npgsql@7.0.2,npgsql@7.0.2,npgsql@7.0.2,NA,NA
nuget.frameworks@5.11.0,nuget.frameworks@5.11.0,nuget.frameworks@5.11.0,NA,NA
nuglify@1.20.5,nuglify@1.20.5,nuglify@1.20.5,NA,NA
nunit3testadapter@4.4.2,nunit3testadapter@4.4.2,nunit3testadapter@4.4.2,NA,NA
nunit@3.13.3,nunit@3.13.3,nunit@3.13.3,NA,NA
paypal@2.0.0-rc2,paypal@2.0.0-rc2,paypal@2.0.0-rc2,NA,NA
paypalcheckoutsdk@1.0.3,paypalcheckoutsdk@1.0.3,paypalcheckoutsdk@1.0.3,NA,NA
paypalhttp@1.0.0,paypalhttp@1.0.0,paypalhttp@1.0.0,NA,NA
pipelines.sockets.unofficial@2.2.0,pipelines.sockets.unofficial@2.2.0,pipelines.sockets.unofficial@2.2.0,NA,NA
portable.bouncycastle@1.9.0,portable.bouncycastle@1.9.0,portable.bouncycastle@1.9.0,NA,NA
qrcoder@1.4.3,qrcoder@1.4.3,qrcoder@1.4.3,NA,NA
questpdf@2022.12.1,questpdf@2022.12.1,questpdf@2022.12.1,NA,NA
restsharp@106.12.0,restsharp@106.12.0,restsharp@106.12.0,NA,NA
runtime.debian.8-x64.runtime.native.system.security.cryptography.openssl@4.3.0,runtime.debian.8-x64.runtime.native.system.security.cryptography.openssl@4.3.0,NA,NA,NA
runtime.debian.8-x64.runtime.native.system.security.cryptography.openssl@4.3.2,runtime.debian.8-x64.runtime.native.system.security.cryptography.openssl@4.3.2,runtime.debian.8-x64.runtime.native.system.security.cryptography.openssl@4.3.2,NA,NA
runtime.fedora.23-x64.runtime.native.system.security.cryptography.openssl@4.3.0,runtime.fedora.23-x64.runtime.native.system.security.cryptography.openssl@4.3.0,NA,NA,NA
runtime.fedora.23-x64.runtime.native.system.security.cryptography.openssl@4.3.2,runtime.fedora.23-x64.runtime.native.system.security.cryptography.openssl@4.3.2,runtime.fedora.23-x64.runtime.native.system.security.cryptography.openssl@4.3.2,NA,NA
runtime.fedora.24-x64.runtime.native.system.security.cryptography.openssl@4.3.0,runtime.fedora.24-x64.runtime.native.system.security.cryptography.openssl@4.3.0,NA,NA,NA
runtime.fedora.24-x64.runtime.native.system.security.cryptography.openssl@4.3.2,runtime.fedora.24-x64.runtime.native.system.security.cryptography.openssl@4.3.2,runtime.fedora.24-x64.runtime.native.system.security.cryptography.openssl@4.3.2,NA,NA
runtime.native.system.io.compression@4.3.0,runtime.native.system.io.compression@4.3.0,runtime.native.system.io.compression@4.3.0,NA,NA
runtime.native.system.net.http@4.3.0,runtime.native.system.net.http@4.3.0,runtime.native.system.net.http@4.3.0,NA,NA
runtime.native.system.security.cryptography.apple@4.3.0,runtime.native.system.security.cryptography.apple@4.3.0,runtime.native.system.security.cryptography.apple@4.3.0,NA,NA
runtime.native.system.security.cryptography.openssl@4.3.0,runtime.native.system.security.cryptography.openssl@4.3.0,NA,NA,NA
runtime.native.system.security.cryptography.openssl@4.3.2,runtime.native.system.security.cryptography.openssl@4.3.2,runtime.native.system.security.cryptography.openssl@4.3.2,NA,NA
runtime.native.system@4.3.0,runtime.native.system@4.3.0,runtime.native.system@4.3.0,NA,NA
runtime.opensuse.13.2-x64.runtime.native.system.security.cryptography.openssl@4.3.0,runtime.opensuse.13.2-x64.runtime.native.system.security.cryptography.openssl@4.3.0,NA,NA,NA
runtime.opensuse.13.2-x64.runtime.native.system.security.cryptography.openssl@4.3.2,runtime.opensuse.13.2-x64.runtime.native.system.security.cryptography.openssl@4.3.2,runtime.opensuse.13.2-x64.runtime.native.system.security.cryptography.openssl@4.3.2,NA,NA
runtime.opensuse.42.1-x64.runtime.native.system.security.cryptography.openssl@4.3.0,runtime.opensuse.42.1-x64.runtime.native.system.security.cryptography.openssl@4.3.0,NA,NA,NA
runtime.opensuse.42.1-x64.runtime.native.system.security.cryptography.openssl@4.3.2,runtime.opensuse.42.1-x64.runtime.native.system.security.cryptography.openssl@4.3.2,runtime.opensuse.42.1-x64.runtime.native.system.security.cryptography.openssl@4.3.2,NA,NA
runtime.osx.10.10-x64.runtime.native.system.security.cryptography.apple@4.3.0,runtime.osx.10.10-x64.runtime.native.system.security.cryptography.apple@4.3.0,runtime.osx.10.10-x64.runtime.native.system.security.cryptography.apple@4.3.0,NA,NA
runtime.osx.10.10-x64.runtime.native.system.security.cryptography.openssl@4.3.0,runtime.osx.10.10-x64.runtime.native.system.security.cryptography.openssl@4.3.0,NA,NA,NA
runtime.osx.10.10-x64.runtime.native.system.security.cryptography.openssl@4.3.2,runtime.osx.10.10-x64.runtime.native.system.security.cryptography.openssl@4.3.2,runtime.osx.10.10-x64.runtime.native.system.security.cryptography.openssl@4.3.2,NA,NA
runtime.rhel.7-x64.runtime.native.system.security.cryptography.openssl@4.3.0,runtime.rhel.7-x64.runtime.native.system.security.cryptography.openssl@4.3.0,NA,NA,NA
runtime.rhel.7-x64.runtime.native.system.security.cryptography.openssl@4.3.2,runtime.rhel.7-x64.runtime.native.system.security.cryptography.openssl@4.3.2,runtime.rhel.7-x64.runtime.native.system.security.cryptography.openssl@4.3.2,NA,NA
runtime.ubuntu.14.04-x64.runtime.native.system.security.cryptography.openssl@4.3.0,runtime.ubuntu.14.04-x64.runtime.native.system.security.cryptography.openssl@4.3.0,NA,NA,NA
runtime.ubuntu.14.04-x64.runtime.native.system.security.cryptography.openssl@4.3.2,runtime.ubuntu.14.04-x64.runtime.native.system.security.cryptography.openssl@4.3.2,runtime.ubuntu.14.04-x64.runtime.native.system.security.cryptography.openssl@4.3.2,NA,NA
runtime.ubuntu.16.04-x64.runtime.native.system.security.cryptography.openssl@4.3.0,runtime.ubuntu.16.04-x64.runtime.native.system.security.cryptography.openssl@4.3.0,NA,NA,NA
runtime.ubuntu.16.04-x64.runtime.native.system.security.cryptography.openssl@4.3.2,runtime.ubuntu.16.04-x64.runtime.native.system.security.cryptography.openssl@4.3.2,runtime.ubuntu.16.04-x64.runtime.native.system.security.cryptography.openssl@4.3.2,NA,NA
runtime.ubuntu.16.10-x64.runtime.native.system.security.cryptography.openssl@4.3.0,runtime.ubuntu.16.10-x64.runtime.native.system.security.cryptography.openssl@4.3.0,NA,NA,NA
runtime.ubuntu.16.10-x64.runtime.native.system.security.cryptography.openssl@4.3.2,runtime.ubuntu.16.10-x64.runtime.native.system.security.cryptography.openssl@4.3.2,runtime.ubuntu.16.10-x64.runtime.native.system.security.cryptography.openssl@4.3.2,NA,NA
shimskiasharp@0.5.18,shimskiasharp@0.5.18,NA,NA,NA
sib_api_v3_sdk@3.3.0,sib_api_v3_sdk@3.3.0,sib_api_v3_sdk@3.3.0,NA,NA
sixlabors.fonts@1.0.0-beta18,sixlabors.fonts@1.0.0-beta18,sixlabors.fonts@1.0.0-beta18,NA,NA
skiasharp.harfbuzz@2.88.3,skiasharp.harfbuzz@2.88.3,NA,NA,NA
skiasharp.nativeassets.linux.nodependencies@2.88.3,skiasharp.nativeassets.linux.nodependencies@2.88.3,NA,NA,NA
skiasharp.nativeassets.macos@2.88.3,skiasharp.nativeassets.macos@2.88.3,NA,NA,NA
skiasharp.nativeassets.win32@2.88.3,skiasharp.nativeassets.win32@2.88.3,NA,NA,NA
skiasharp@2.88.3,skiasharp@2.88.3,NA,NA,NA
sqlitepclraw.bundle_e_sqlite3@2.1.2,sqlitepclraw.bundle_e_sqlite3@2.1.2,sqlitepclraw.bundle_e_sqlite3@2.1.2,NA,NA
sqlitepclraw.core@2.1.2,sqlitepclraw.core@2.1.2,sqlitepclraw.core@2.1.2,NA,NA
sqlitepclraw.lib.e_sqlite3@2.1.2,sqlitepclraw.lib.e_sqlite3@2.1.2,sqlitepclraw.lib.e_sqlite3@2.1.2,NA,NA
sqlitepclraw.provider.e_sqlite3@2.1.2,sqlitepclraw.provider.e_sqlite3@2.1.2,sqlitepclraw.provider.e_sqlite3@2.1.2,NA,NA
stackexchange.redis@2.2.4,stackexchange.redis@2.2.4,stackexchange.redis@2.2.4,NA,NA
svg.custom@0.5.18,svg.custom@0.5.18,NA,NA,NA
svg.model@0.5.18,svg.model@0.5.18,NA,NA,NA
svg.skia@0.5.18,svg.skia@0.5.18,NA,NA,NA
system.appcontext@4.3.0,system.appcontext@4.3.0,system.appcontext@4.3.0,NA,NA
system.buffers@4.3.0,system.buffers@4.3.0,NA,NA,NA
system.buffers@4.5.1,system.buffers@4.5.1,system.buffers@4.5.1,NA,NA
system.collections.concurrent@4.3.0,system.collections.concurrent@4.3.0,system.collections.concurrent@4.3.0,NA,NA
system.collections.immutable@5.0.0,system.collections.immutable@5.0.0,system.collections.immutable@5.0.0,NA,NA
system.collections.nongeneric@4.3.0,system.collections.nongeneric@4.3.0,system.collections.nongeneric@4.3.0,NA,NA
system.collections.specialized@4.3.0,system.collections.specialized@4.3.0,system.collections.specialized@4.3.0,NA,NA
system.collections@4.3.0,system.collections@4.3.0,system.collections@4.3.0,NA,NA
system.componentmodel.annotations@4.4.1,system.componentmodel.annotations@4.4.1,system.componentmodel.annotations@4.4.1,NA,NA
system.componentmodel.annotations@4.7.0,system.componentmodel.annotations@4.7.0,system.componentmodel.annotations@4.7.0,NA,NA
system.componentmodel.primitives@4.3.0,system.componentmodel.primitives@4.3.0,system.componentmodel.primitives@4.3.0,NA,NA
system.componentmodel.typeconverter@4.3.0,system.componentmodel.typeconverter@4.3.0,system.componentmodel.typeconverter@4.3.0,NA,NA
system.componentmodel@4.3.0,system.componentmodel@4.3.0,system.componentmodel@4.3.0,NA,NA
system.configuration.configurationmanager@4.4.0,system.configuration.configurationmanager@4.4.0,NA,NA,NA
system.configuration.configurationmanager@4.7.0,system.configuration.configurationmanager@4.7.0,NA,NA,NA
system.configuration.configurationmanager@5.0.0,system.configuration.configurationmanager@5.0.0,system.configuration.configurationmanager@5.0.0,NA,NA
system.configuration.configurationmanager@7.0.0,system.configuration.configurationmanager@7.0.0,system.configuration.configurationmanager@7.0.0,NA,NA
system.console@4.3.0,system.console@4.3.0,system.console@4.3.0,NA,NA
system.data.common@4.3.0,system.data.common@4.3.0,NA,NA,NA
system.diagnostics.debug@4.3.0,system.diagnostics.debug@4.3.0,system.diagnostics.debug@4.3.0,NA,NA
system.diagnostics.diagnosticsource@4.3.0,system.diagnostics.diagnosticsource@4.3.0,NA,NA,NA
system.diagnostics.diagnosticsource@5.0.0,system.diagnostics.diagnosticsource@5.0.0,system.diagnostics.diagnosticsource@5.0.0,NA,NA
system.diagnostics.diagnosticsource@6.0.0,system.diagnostics.diagnosticsource@6.0.0,system.diagnostics.diagnosticsource@6.0.0,NA,NA
system.diagnostics.eventlog@6.0.0,system.diagnostics.eventlog@6.0.0,NA,NA,NA
system.diagnostics.eventlog@7.0.0,system.diagnostics.eventlog@7.0.0,system.diagnostics.eventlog@7.0.0,NA,NA
system.diagnostics.performancecounter@5.0.0,system.diagnostics.performancecounter@5.0.0,system.diagnostics.performancecounter@5.0.0,NA,NA
system.diagnostics.process@4.3.0,system.diagnostics.process@4.3.0,system.diagnostics.process@4.3.0,NA,NA
system.diagnostics.stacktrace@4.3.0,system.diagnostics.stacktrace@4.3.0,NA,NA,NA
system.diagnostics.tools@4.3.0,system.diagnostics.tools@4.3.0,system.diagnostics.tools@4.3.0,NA,NA
system.diagnostics.tracing@4.3.0,system.diagnostics.tracing@4.3.0,system.diagnostics.tracing@4.3.0,NA,NA
system.drawing.common@4.7.0,system.drawing.common@4.7.0,NA,['CVE-2021-24112'],NA
system.drawing.common@5.0.0,system.drawing.common@5.0.0,system.drawing.common@5.0.0,['CVE-2021-24112'],NA
system.drawing.common@7.0.0,system.drawing.common@7.0.0,system.drawing.common@7.0.0,NA,NA
system.dynamic.runtime@4.3.0,system.dynamic.runtime@4.3.0,system.dynamic.runtime@4.3.0,NA,NA
system.formats.asn1@5.0.0,system.formats.asn1@5.0.0,system.formats.asn1@5.0.0,NA,NA
system.formats.asn1@6.0.0,system.formats.asn1@6.0.0,system.formats.asn1@6.0.0,NA,NA
system.globalization.calendars@4.3.0,system.globalization.calendars@4.3.0,system.globalization.calendars@4.3.0,NA,NA
system.globalization.extensions@4.3.0,system.globalization.extensions@4.3.0,system.globalization.extensions@4.3.0,NA,NA
system.globalization@4.3.0,system.globalization@4.3.0,system.globalization@4.3.0,NA,NA
system.identitymodel.tokens.jwt@6.24.0,system.identitymodel.tokens.jwt@6.24.0,system.identitymodel.tokens.jwt@6.24.0,NA,NA
system.identitymodel.tokens.jwt@6.8.0,system.identitymodel.tokens.jwt@6.8.0,system.identitymodel.tokens.jwt@6.8.0,NA,NA
system.io.compression.zipfile@4.3.0,system.io.compression.zipfile@4.3.0,system.io.compression.zipfile@4.3.0,NA,NA
system.io.compression@4.3.0,system.io.compression@4.3.0,system.io.compression@4.3.0,NA,NA
system.io.filesystem.accesscontrol@5.0.0,system.io.filesystem.accesscontrol@5.0.0,system.io.filesystem.accesscontrol@5.0.0,NA,NA
system.io.filesystem.primitives@4.3.0,system.io.filesystem.primitives@4.3.0,system.io.filesystem.primitives@4.3.0,NA,NA
system.io.filesystem@4.3.0,system.io.filesystem@4.3.0,system.io.filesystem@4.3.0,NA,NA
system.io.hashing@6.0.0,system.io.hashing@6.0.0,system.io.hashing@6.0.0,NA,NA
system.io.packaging@6.0.0,system.io.packaging@6.0.0,system.io.packaging@6.0.0,NA,NA
system.io.pipelines@5.0.0,system.io.pipelines@5.0.0,system.io.pipelines@5.0.0,NA,NA
system.io@4.3.0,system.io@4.3.0,system.io@4.3.0,NA,NA
system.linq.async@6.0.1,system.linq.async@6.0.1,system.linq.async@6.0.1,NA,NA
system.linq.dynamic.core@1.3.1,system.linq.dynamic.core@1.3.1,system.linq.dynamic.core@1.3.1,NA,NA
system.linq.expressions@4.3.0,system.linq.expressions@4.3.0,system.linq.expressions@4.3.0,NA,NA
system.linq@4.3.0,system.linq@4.3.0,system.linq@4.3.0,NA,NA
system.memory.data@1.0.2,system.memory.data@1.0.2,system.memory.data@1.0.2,NA,NA
system.memory@4.5.3,system.memory@4.5.3,NA,NA,NA
system.memory@4.5.4,system.memory@4.5.4,system.memory@4.5.4,NA,NA
system.net.http@4.3.0,system.net.http@4.3.0,NA,NA,NA
system.net.http@4.3.2,system.net.http@4.3.2,NA,['CVE-2018-8292'],NA
system.net.http@4.3.4,system.net.http@4.3.4,system.net.http@4.3.4,NA,NA
system.net.nameresolution@4.3.0,system.net.nameresolution@4.3.0,system.net.nameresolution@4.3.0,NA,NA
system.net.primitives@4.3.0,system.net.primitives@4.3.0,system.net.primitives@4.3.0,NA,NA
system.net.requests@4.0.11,system.net.requests@4.0.11,system.net.requests@4.0.11,NA,NA
system.net.sockets@4.3.0,system.net.sockets@4.3.0,system.net.sockets@4.3.0,NA,NA
system.net.webheadercollection@4.0.1,system.net.webheadercollection@4.0.1,system.net.webheadercollection@4.0.1,NA,NA
system.numerics.vectors@4.5.0,system.numerics.vectors@4.5.0,system.numerics.vectors@4.5.0,NA,NA
system.objectmodel@4.3.0,system.objectmodel@4.3.0,system.objectmodel@4.3.0,NA,NA
system.private.datacontractserialization@4.1.1,system.private.datacontractserialization@4.1.1,NA,['CVE-2023-21538'],NA
system.private.datacontractserialization@4.3.0,system.private.datacontractserialization@4.3.0,system.private.datacontractserialization@4.3.0,['CVE-2023-21538'],NA
system.private.servicemodel@4.10.0,system.private.servicemodel@4.10.0,system.private.servicemodel@4.10.0,NA,NA
system.private.uri@4.3.2,system.private.uri@4.3.2,system.private.uri@4.3.2,NA,NA
system.reflection.dispatchproxy@4.7.1,system.reflection.dispatchproxy@4.7.1,system.reflection.dispatchproxy@4.7.1,NA,NA
system.reflection.emit.ilgeneration@4.3.0,system.reflection.emit.ilgeneration@4.3.0,system.reflection.emit.ilgeneration@4.3.0,NA,NA
system.reflection.emit.lightweight@4.3.0,system.reflection.emit.lightweight@4.3.0,system.reflection.emit.lightweight@4.3.0,NA,NA
system.reflection.emit@4.3.0,system.reflection.emit@4.3.0,system.reflection.emit@4.3.0,NA,NA
system.reflection.extensions@4.3.0,system.reflection.extensions@4.3.0,system.reflection.extensions@4.3.0,NA,NA
system.reflection.metadata@1.6.0,system.reflection.metadata@1.6.0,NA,NA,NA
system.reflection.metadata@5.0.0,system.reflection.metadata@5.0.0,system.reflection.metadata@5.0.0,NA,NA
system.reflection.primitives@4.3.0,system.reflection.primitives@4.3.0,system.reflection.primitives@4.3.0,NA,NA
system.reflection.typeextensions@4.3.0,system.reflection.typeextensions@4.3.0,system.reflection.typeextensions@4.3.0,NA,NA
system.reflection@4.3.0,system.reflection@4.3.0,system.reflection@4.3.0,NA,NA
system.resources.resourcemanager@4.3.0,system.resources.resourcemanager@4.3.0,system.resources.resourcemanager@4.3.0,NA,NA
system.runtime.caching@4.7.0,system.runtime.caching@4.7.0,NA,NA,NA
system.runtime.caching@5.0.0,system.runtime.caching@5.0.0,system.runtime.caching@5.0.0,NA,NA
system.runtime.caching@6.0.0,system.runtime.caching@6.0.0,system.runtime.caching@6.0.0,NA,NA
system.runtime.compilerservices.unsafe@5.0.0,system.runtime.compilerservices.unsafe@5.0.0,system.runtime.compilerservices.unsafe@5.0.0,NA,NA
system.runtime.compilerservices.unsafe@6.0.0,system.runtime.compilerservices.unsafe@6.0.0,system.runtime.compilerservices.unsafe@6.0.0,NA,NA
system.runtime.extensions@4.3.0,system.runtime.extensions@4.3.0,system.runtime.extensions@4.3.0,NA,NA
system.runtime.handles@4.3.0,system.runtime.handles@4.3.0,system.runtime.handles@4.3.0,NA,NA
system.runtime.interopservices.runtimeinformation@4.3.0,system.runtime.interopservices.runtimeinformation@4.3.0,system.runtime.interopservices.runtimeinformation@4.3.0,NA,NA
system.runtime.interopservices@4.3.0,system.runtime.interopservices@4.3.0,system.runtime.interopservices@4.3.0,NA,NA
system.runtime.numerics@4.3.0,system.runtime.numerics@4.3.0,system.runtime.numerics@4.3.0,NA,NA
system.runtime.serialization.formatters@4.3.0,system.runtime.serialization.formatters@4.3.0,system.runtime.serialization.formatters@4.3.0,NA,NA
system.runtime.serialization.json@4.3.0,system.runtime.serialization.json@4.3.0,system.runtime.serialization.json@4.3.0,NA,NA
system.runtime.serialization.primitives@4.3.0,system.runtime.serialization.primitives@4.3.0,system.runtime.serialization.primitives@4.3.0,NA,NA
system.runtime.serialization.xml@4.1.1,system.runtime.serialization.xml@4.1.1,system.runtime.serialization.xml@4.1.1,NA,NA
system.runtime@4.3.0,system.runtime@4.3.0,system.runtime@4.3.0,NA,NA
system.security.accesscontrol@4.7.0,system.security.accesscontrol@4.7.0,NA,NA,NA
system.security.accesscontrol@5.0.0,system.security.accesscontrol@5.0.0,system.security.accesscontrol@5.0.0,NA,NA
system.security.cryptography.algorithms@4.3.0,system.security.cryptography.algorithms@4.3.0,system.security.cryptography.algorithms@4.3.0,NA,NA
system.security.cryptography.cng@4.3.0,system.security.cryptography.cng@4.3.0,NA,NA,NA
system.security.cryptography.cng@5.0.0,system.security.cryptography.cng@5.0.0,system.security.cryptography.cng@5.0.0,NA,NA
system.security.cryptography.csp@4.3.0,system.security.cryptography.csp@4.3.0,system.security.cryptography.csp@4.3.0,NA,NA
system.security.cryptography.encoding@4.3.0,system.security.cryptography.encoding@4.3.0,system.security.cryptography.encoding@4.3.0,NA,NA
system.security.cryptography.openssl@4.3.0,system.security.cryptography.openssl@4.3.0,system.security.cryptography.openssl@4.3.0,NA,NA
system.security.cryptography.pkcs@4.7.0,system.security.cryptography.pkcs@4.7.0,system.security.cryptography.pkcs@4.7.0,NA,NA
system.security.cryptography.pkcs@6.0.0,system.security.cryptography.pkcs@6.0.0,system.security.cryptography.pkcs@6.0.0,NA,NA
system.security.cryptography.primitives@4.3.0,system.security.cryptography.primitives@4.3.0,system.security.cryptography.primitives@4.3.0,NA,NA
system.security.cryptography.protecteddata@4.4.0,system.security.cryptography.protecteddata@4.4.0,NA,NA,NA
system.security.cryptography.protecteddata@4.7.0,system.security.cryptography.protecteddata@4.7.0,NA,NA,NA
system.security.cryptography.protecteddata@5.0.0,system.security.cryptography.protecteddata@5.0.0,system.security.cryptography.protecteddata@5.0.0,NA,NA
system.security.cryptography.protecteddata@7.0.0,system.security.cryptography.protecteddata@7.0.0,system.security.cryptography.protecteddata@7.0.0,NA,NA
system.security.cryptography.x509certificates@4.3.0,system.security.cryptography.x509certificates@4.3.0,system.security.cryptography.x509certificates@4.3.0,['CVE-2017-11770'],NA
system.security.cryptography.xml@4.7.1,system.security.cryptography.xml@4.7.1,system.security.cryptography.xml@4.7.1,NA,NA
system.security.cryptography.xml@5.0.0,system.security.cryptography.xml@5.0.0,system.security.cryptography.xml@5.0.0,['CVE-2022-34716'],NA
system.security.permissions@4.7.0,system.security.permissions@4.7.0,NA,NA,NA
system.security.permissions@5.0.0,system.security.permissions@5.0.0,system.security.permissions@5.0.0,NA,NA
system.security.permissions@7.0.0,system.security.permissions@7.0.0,system.security.permissions@7.0.0,NA,NA
system.security.principal.windows@4.7.0,system.security.principal.windows@4.7.0,NA,NA,NA
system.security.principal.windows@5.0.0,system.security.principal.windows@5.0.0,system.security.principal.windows@5.0.0,NA,NA
system.security.securestring@4.3.0,system.security.securestring@4.3.0,system.security.securestring@4.3.0,NA,NA
system.servicemodel.http@4.10.0,system.servicemodel.http@4.10.0,system.servicemodel.http@4.10.0,NA,NA
system.servicemodel.primitives@4.10.0,system.servicemodel.primitives@4.10.0,system.servicemodel.primitives@4.10.0,NA,NA
system.text.encoding.codepages@5.0.0,system.text.encoding.codepages@5.0.0,system.text.encoding.codepages@5.0.0,NA,NA
system.text.encoding.codepages@6.0.0,system.text.encoding.codepages@6.0.0,system.text.encoding.codepages@6.0.0,NA,NA
system.text.encoding.extensions@4.3.0,system.text.encoding.extensions@4.3.0,system.text.encoding.extensions@4.3.0,NA,NA
system.text.encoding@4.3.0,system.text.encoding@4.3.0,system.text.encoding@4.3.0,NA,NA
system.text.encodings.web@7.0.0,system.text.encodings.web@7.0.0,system.text.encodings.web@7.0.0,NA,NA
system.text.json@7.0.0,system.text.json@7.0.0,system.text.json@7.0.0,NA,NA
system.text.regularexpressions@4.3.0,system.text.regularexpressions@4.3.0,system.text.regularexpressions@4.3.0,['CVE-2019-0820'],NA
system.threading.tasks.extensions@4.3.0,system.threading.tasks.extensions@4.3.0,NA,NA,NA
system.threading.tasks.extensions@4.5.4,system.threading.tasks.extensions@4.5.4,system.threading.tasks.extensions@4.5.4,NA,NA
system.threading.tasks.parallel@4.3.0,system.threading.tasks.parallel@4.3.0,NA,NA,NA
system.threading.tasks@4.3.0,system.threading.tasks@4.3.0,system.threading.tasks@4.3.0,NA,NA
system.threading.thread@4.3.0,system.threading.thread@4.3.0,system.threading.thread@4.3.0,NA,NA
system.threading.threadpool@4.3.0,system.threading.threadpool@4.3.0,system.threading.threadpool@4.3.0,NA,NA
system.threading.timer@4.3.0,system.threading.timer@4.3.0,system.threading.timer@4.3.0,NA,NA
system.threading@4.3.0,system.threading@4.3.0,system.threading@4.3.0,NA,NA
system.valuetuple@4.4.0,system.valuetuple@4.4.0,system.valuetuple@4.4.0,NA,NA
system.valuetuple@4.5.0,system.valuetuple@4.5.0,NA,NA,NA
system.windows.extensions@4.7.0,system.windows.extensions@4.7.0,NA,NA,NA
system.windows.extensions@5.0.0,system.windows.extensions@5.0.0,system.windows.extensions@5.0.0,NA,NA
system.windows.extensions@7.0.0,system.windows.extensions@7.0.0,system.windows.extensions@7.0.0,NA,NA
system.xml.readerwriter@4.3.0,system.xml.readerwriter@4.3.0,system.xml.readerwriter@4.3.0,NA,NA
system.xml.xdocument@4.3.0,system.xml.xdocument@4.3.0,system.xml.xdocument@4.3.0,NA,NA
system.xml.xmldocument@4.3.0,system.xml.xmldocument@4.3.0,system.xml.xmldocument@4.3.0,NA,NA
system.xml.xmlserializer@4.0.11,system.xml.xmlserializer@4.0.11,NA,NA,NA
system.xml.xmlserializer@4.3.0,system.xml.xmlserializer@4.3.0,system.xml.xmlserializer@4.3.0,NA,NA
vanguard@5.0.0,vanguard@5.0.0,NA,NA,NA
webmarkupmin.aspnet.common@2.13.8,webmarkupmin.aspnet.common@2.13.8,webmarkupmin.aspnet.common@2.13.8,NA,NA
webmarkupmin.aspnetcore7@2.13.8,webmarkupmin.aspnetcore7@2.13.8,webmarkupmin.aspnetcore7@2.13.8,NA,NA
webmarkupmin.core@2.13.8,webmarkupmin.core@2.13.8,webmarkupmin.core@2.13.8,NA,NA
webmarkupmin.nuglify@2.13.6,webmarkupmin.nuglify@2.13.6,webmarkupmin.nuglify@2.13.6,NA,NA
xlparser@1.5.2,xlparser@1.5.2,xlparser@1.5.2,NA,NA
NA,**version@for,NA,NA,NA
NA,@foliojs-fork/fontkit@1.9.1,@foliojs-fork/fontkit@1.9.1,NA,NA
NA,@foliojs-fork/linebreak@1.1.1,@foliojs-fork/linebreak@1.1.1,NA,NA
NA,@foliojs-fork/pdfkit@0.13.0,@foliojs-fork/pdfkit@0.13.0,NA,NA
NA,@foliojs-fork/restructure@2.0.2,@foliojs-fork/restructure@2.0.2,NA,NA
NA,@fortawesome/fontawesome-free@5.15.2,@fortawesome/fontawesome-free@5.15.2,NA,NA
NA,@fortawesome/fontawesome-free@5.15.4,@fortawesome/fontawesome-free@5.15.4,NA,NA
NA,@laylazi/bootstrap-rtl@4.6.0-1,@laylazi/bootstrap-rtl@4.6.0-1,NA,NA
NA,@lgaitan/pace-progress@1.0.7,@lgaitan/pace-progress@1.0.7,NA,NA
NA,@nodelib/fs.scandir@2.1.5,@nodelib/fs.scandir@2.1.5,NA,NA
NA,@nodelib/fs.stat@2.0.5,@nodelib/fs.stat@2.0.5,NA,NA
NA,@nodelib/fs.walk@1.2.8,@nodelib/fs.walk@1.2.8,NA,NA
NA,@popperjs/core@2.11.6,@popperjs/core@2.11.6,NA,NA
NA,@sweetalert2/theme-bootstrap-4@5.0.11,@sweetalert2/theme-bootstrap-4@5.0.11,NA,NA
NA,@ttskch/select2-bootstrap4-theme@1.5.2,@ttskch/select2-bootstrap4-theme@1.5.2,NA,NA
NA,@types/minimatch@3.0.5,@types/minimatch@3.0.5,NA,NA
NA,abbrev@1.1.1,abbrev@1.1.1,NA,NA
NA,acorn-node@1.8.2,acorn-node@1.8.2,NA,NA
NA,acorn-walk@7.2.0,acorn-walk@7.2.0,NA,NA
NA,acorn@7.4.1,acorn@7.4.1,NA,NA
NA,admin-lte@3.2.0,admin-lte@3.2.0,NA,NA
NA,aggregate-error@4.0.1,aggregate-error@4.0.1,NA,NA
NA,amdefine@1.0.1,amdefine@1.0.1,NA,NA
NA,ansi-colors@1.1.0,ansi-colors@1.1.0,NA,NA
NA,ansi-gray@0.1.1,ansi-gray@0.1.1,NA,NA
NA,ansi-regex@2.1.1,ansi-regex@2.1.1,NA,NA
NA,ansi-wrap@0.1.0,ansi-wrap@0.1.0,NA,NA
NA,anymatch@2.0.0,anymatch@2.0.0,NA,NA
NA,append-buffer@1.0.2,append-buffer@1.0.2,NA,NA
NA,archy@1.0.0,archy@1.0.0,NA,NA
NA,arr-diff@4.0.0,arr-diff@4.0.0,NA,NA
NA,arr-filter@1.1.2,arr-filter@1.1.2,NA,NA
NA,arr-flatten@1.1.0,arr-flatten@1.1.0,NA,NA
NA,arr-map@2.0.2,arr-map@2.0.2,NA,NA
NA,arr-union@3.1.0,arr-union@3.1.0,NA,NA
NA,array-differ@3.0.0,array-differ@3.0.0,NA,NA
NA,array-each@1.0.1,array-each@1.0.1,NA,NA
NA,array-from@2.1.1,array-from@2.1.1,NA,NA
NA,array-initial@1.1.0,array-initial@1.1.0,NA,NA
NA,array-last@1.3.0,array-last@1.3.0,NA,NA
NA,array-slice@1.1.0,array-slice@1.1.0,NA,NA
NA,array-sort@1.0.0,array-sort@1.0.0,NA,NA
NA,array-union@2.1.0,array-union@2.1.0,NA,NA
NA,array-unique@0.3.2,array-unique@0.3.2,NA,NA
NA,arrify@2.0.1,arrify@2.0.1,NA,NA
NA,assign-symbols@1.0.0,assign-symbols@1.0.0,NA,NA
NA,ast-transform@0.0.0,ast-transform@0.0.0,NA,NA
NA,ast-types@0.7.8,ast-types@0.7.8,NA,NA
NA,async-done@1.3.2,async-done@1.3.2,NA,NA
NA,async-each@1.0.3,async-each@1.0.3,NA,NA
NA,async-settle@1.0.0,async-settle@1.0.0,NA,NA
NA,atob@2.1.2,atob@2.1.2,NA,NA
NA,axios@0.26.1,axios@0.26.1,NA,NA
NA,bach@1.2.0,bach@1.2.0,NA,NA
NA,balanced-match@1.0.0,balanced-match@1.0.0,NA,NA
NA,base64-js@1.3.1,base64-js@1.3.1,NA,NA
NA,base@0.11.2,base@0.11.2,NA,NA
NA,binary-extensions@1.13.1,binary-extensions@1.13.1,NA,NA
NA,bindings@1.5.0,bindings@1.5.0,NA,NA
NA,bootstrap-colorpicker@3.4.0,bootstrap-colorpicker@3.4.0,NA,NA
NA,bootstrap-slider@11.0.2,bootstrap-slider@11.0.2,NA,NA
NA,bootstrap-switch@3.3.4,bootstrap-switch@3.3.4,NA,NA
NA,bootstrap-touchspin@4.3.0,bootstrap-touchspin@4.3.0,NA,NA
NA,bootstrap4-duallistbox@4.0.2,bootstrap4-duallistbox@4.0.2,NA,NA
NA,bootstrap@4.6.0,bootstrap@4.6.0,NA,NA
NA,bootstrap@4.6.2,bootstrap@4.6.2,NA,NA
NA,brace-expansion@1.1.11,brace-expansion@1.1.11,NA,NA
NA,braces@2.3.2,braces@2.3.2,NA,NA
NA,braces@3.0.2,braces@3.0.2,NA,NA
NA,brfs@2.0.2,brfs@2.0.2,NA,NA
NA,brotli@1.3.3,brotli@1.3.3,NA,NA
NA,browser-resolve@1.11.3,browser-resolve@1.11.3,NA,NA
NA,browserify-optional@1.0.1,browserify-optional@1.0.1,NA,NA
NA,bs-custom-file-input@1.3.4,bs-custom-file-input@1.3.4,NA,NA
NA,bs-stepper@1.7.0,bs-stepper@1.7.0,NA,NA
NA,buffer-crc32@0.2.13,buffer-crc32@0.2.13,NA,NA
NA,buffer-equal@0.0.1,buffer-equal@0.0.1,NA,NA
NA,buffer-equal@1.0.0,buffer-equal@1.0.0,NA,NA
NA,buffer-from@1.1.1,buffer-from@1.1.1,NA,NA
NA,cache-base@1.0.1,cache-base@1.0.1,NA,NA
NA,call-bind@1.0.2,call-bind@1.0.2,NA,NA
NA,camelcase@3.0.0,camelcase@3.0.0,NA,NA
NA,chart.js@2.9.4,chart.js@2.9.4,NA,NA
NA,chartjs-color-string@0.6.0,chartjs-color-string@0.6.0,NA,NA
NA,chartjs-color@2.4.1,chartjs-color@2.4.1,NA,NA
NA,chessie@0.6,NA,NA,NA
NA,chokidar@2.1.8,chokidar@2.1.8,NA,NA
NA,class-utils@0.3.6,class-utils@0.3.6,NA,NA
NA,classlibrary1@1.0.0,NA,NA,NA
NA,classlibrary2@1.0.0,NA,NA,NA
NA,cldr-data-downloader@1.0.0-1,cldr-data-downloader@1.0.0-1,NA,NA
NA,cldr-data@36.0.1,cldr-data@36.0.1,NA,NA
NA,cldrjs@0.5.5,cldrjs@0.5.5,NA,NA
NA,clean-stack@4.2.0,clean-stack@4.2.0,NA,NA
NA,clearpluginassemblies@1.0.0,NA,NA,NA
NA,cliui@3.2.0,cliui@3.2.0,NA,NA
NA,clone-buffer@1.0.0,clone-buffer@1.0.0,NA,NA
NA,clone-stats@1.0.0,clone-stats@1.0.0,NA,NA
NA,clone@1.0.4,clone@1.0.4,NA,NA
NA,clone@2.1.2,clone@2.1.2,NA,NA
NA,cloneable-readable@1.1.3,cloneable-readable@1.1.3,NA,NA
NA,code-point-at@1.1.0,code-point-at@1.1.0,NA,NA
NA,codemirror@5.65.1,codemirror@5.65.1,NA,NA
NA,collection-map@1.0.0,collection-map@1.0.0,NA,NA
NA,collection-visit@1.0.0,collection-visit@1.0.0,NA,NA
NA,color-convert@1.9.3,color-convert@1.9.3,NA,NA
NA,color-name@1.1.3,color-name@1.1.3,NA,NA
NA,color-name@1.1.4,color-name@1.1.4,NA,NA
NA,color-support@1.1.3,color-support@1.1.3,NA,NA
NA,component-emitter@1.3.0,component-emitter@1.3.0,NA,NA
NA,concat-map@0.0.1,concat-map@0.0.1,NA,NA
NA,concat-stream@1.6.2,concat-stream@1.6.2,NA,NA
NA,convert-source-map@1.7.0,convert-source-map@1.7.0,NA,NA
NA,copy-descriptor@0.1.1,copy-descriptor@0.1.1,NA,NA
NA,copy-props@2.0.5,copy-props@2.0.5,NA,NA
NA,core-util-is@1.0.2,core-util-is@1.0.2,NA,NA
NA,crypto-js@4.1.1,crypto-js@4.1.1,NA,NA
NA,d@1.0.1,d@1.0.1,NA,NA
NA,dash-ast@2.0.1,dash-ast@2.0.1,NA,NA
NA,datatables.net-autofill-bs4@2.3.9,datatables.net-autofill-bs4@2.3.9,NA,NA
NA,datatables.net-autofill@2.3.9,datatables.net-autofill@2.3.9,NA,NA
NA,datatables.net-bs4@1.12.1,datatables.net-bs4@1.12.1,NA,NA
NA,datatables.net-buttons-bs4@1.6.5,datatables.net-buttons-bs4@1.6.5,NA,NA
NA,datatables.net-buttons-bs4@2.2.3,datatables.net-buttons-bs4@2.2.3,NA,NA
NA,datatables.net-buttons@1.6.5,datatables.net-buttons@1.6.5,NA,NA
NA,datatables.net-buttons@2.2.3,datatables.net-buttons@2.2.3,NA,NA
NA,datatables.net-colreorder-bs4@1.5.5,datatables.net-colreorder-bs4@1.5.5,NA,NA
NA,datatables.net-colreorder@1.5.5,datatables.net-colreorder@1.5.5,NA,NA
NA,datatables.net-fixedcolumns-bs4@4.1.0,datatables.net-fixedcolumns-bs4@4.1.0,NA,NA
NA,datatables.net-fixedcolumns@4.1.0,datatables.net-fixedcolumns@4.1.0,NA,NA
NA,datatables.net-fixedheader-bs4@3.2.1,datatables.net-fixedheader-bs4@3.2.1,NA,NA
NA,datatables.net-fixedheader@3.2.1,datatables.net-fixedheader@3.2.1,NA,NA
NA,datatables.net-keytable-bs4@2.6.4,datatables.net-keytable-bs4@2.6.4,NA,NA
NA,datatables.net-keytable@2.6.4,datatables.net-keytable@2.6.4,NA,NA
NA,datatables.net-responsive-bs4@2.2.9,datatables.net-responsive-bs4@2.2.9,NA,NA
NA,datatables.net-responsive@2.2.9,datatables.net-responsive@2.2.9,NA,NA
NA,datatables.net-rowgroup-bs4@1.1.4,datatables.net-rowgroup-bs4@1.1.4,NA,NA
NA,datatables.net-rowgroup@1.1.4,datatables.net-rowgroup@1.1.4,NA,NA
NA,datatables.net-rowreorder-bs4@1.2.8,datatables.net-rowreorder-bs4@1.2.8,NA,NA
NA,datatables.net-rowreorder@1.2.8,datatables.net-rowreorder@1.2.8,NA,NA
NA,datatables.net-scroller-bs4@2.0.5,datatables.net-scroller-bs4@2.0.5,NA,NA
NA,datatables.net-scroller@2.0.5,datatables.net-scroller@2.0.5,NA,NA
NA,datatables.net-searchbuilder-bs4@1.3.4,datatables.net-searchbuilder-bs4@1.3.4,NA,NA
NA,datatables.net-searchbuilder@1.3.4,datatables.net-searchbuilder@1.3.4,NA,NA
NA,datatables.net-searchpanes-bs4@1.4.0,datatables.net-searchpanes-bs4@1.4.0,NA,NA
NA,datatables.net-searchpanes@1.4.0,datatables.net-searchpanes@1.4.0,NA,NA
NA,datatables.net-select-bs4@1.3.4,datatables.net-select-bs4@1.3.4,NA,NA
NA,datatables.net-select@1.3.4,datatables.net-select@1.3.4,NA,NA
NA,datatables.net@1.12.1,datatables.net@1.12.1,NA,NA
NA,daterangepicker@3.1.0,daterangepicker@3.1.0,NA,NA
NA,debug@2.6.9,debug@2.6.9,NA,NA
NA,decamelize@1.2.0,decamelize@1.2.0,NA,NA
NA,decode-uri-component@0.2.0,decode-uri-component@0.2.0,['CVE-2022-38900'],NA
NA,deep-equal@1.1.1,deep-equal@1.1.1,NA,NA
NA,deep-is@0.1.4,deep-is@0.1.4,NA,NA
NA,deepmerge@4.2.2,deepmerge@4.2.2,NA,NA
NA,default-compare@1.0.0,default-compare@1.0.0,NA,NA
NA,default-resolution@2.0.0,default-resolution@2.0.0,NA,NA
NA,define-properties@1.1.3,define-properties@1.1.3,NA,NA
NA,define-property@0.2.5,define-property@0.2.5,NA,NA
NA,define-property@1.0.0,define-property@1.0.0,NA,NA
NA,define-property@2.0.2,define-property@2.0.2,NA,NA
NA,del@7.0.0,del@7.0.0,NA,NA
NA,detect-file@1.0.0,detect-file@1.0.0,NA,NA
NA,dfa@1.2.0,dfa@1.2.0,NA,NA
NA,dir-glob@3.0.1,dir-glob@3.0.1,NA,NA
NA,dom7@4.0.4,dom7@4.0.4,NA,NA
NA,dropzone@5.9.3,dropzone@5.9.3,NA,NA
NA,duplexer2@0.1.4,duplexer2@0.1.4,NA,NA
NA,duplexify@3.7.1,duplexify@3.7.1,NA,NA
NA,each-props@1.3.2,each-props@1.3.2,NA,NA
NA,ekko-lightbox@5.3.0,ekko-lightbox@5.3.0,NA,NA
NA,end-of-stream@1.4.4,end-of-stream@1.4.4,NA,NA
NA,error-ex@1.3.2,error-ex@1.3.2,NA,NA
NA,es5-ext@0.10.53,es5-ext@0.10.53,NA,NA
NA,es6-iterator@2.0.3,es6-iterator@2.0.3,NA,NA
NA,es6-map@0.1.5,es6-map@0.1.5,NA,NA
NA,es6-set@0.1.5,es6-set@0.1.5,NA,NA
NA,es6-symbol@3.1.1,es6-symbol@3.1.1,NA,NA
NA,es6-symbol@3.1.3,es6-symbol@3.1.3,NA,NA
NA,es6-weak-map@2.0.3,es6-weak-map@2.0.3,NA,NA
NA,escape-string-regexp@5.0.0,escape-string-regexp@5.0.0,NA,NA
NA,escodegen@1.14.3,escodegen@1.14.3,NA,NA
NA,escodegen@1.2.0,escodegen@1.2.0,NA,NA
NA,esprima@1.0.4,esprima@1.0.4,NA,NA
NA,esprima@4.0.1,esprima@4.0.1,NA,NA
NA,estraverse@1.5.1,estraverse@1.5.1,NA,NA
NA,estraverse@4.3.0,estraverse@4.3.0,NA,NA
NA,estree-is-function@1.0.0,estree-is-function@1.0.0,NA,NA
NA,esutils@1.0.0,esutils@1.0.0,NA,NA
NA,esutils@2.0.3,esutils@2.0.3,NA,NA
NA,ev-emitter@1.1.1,ev-emitter@1.1.1,NA,NA
NA,eve-raphael@0.5.0,eve-raphael@0.5.0,NA,NA
NA,event-emitter@0.3.5,event-emitter@0.3.5,NA,NA
NA,expand-brackets@2.1.4,expand-brackets@2.1.4,NA,NA
NA,expand-tilde@2.0.2,expand-tilde@2.0.2,NA,NA
NA,expecto@9.0.4,NA,NA,NA
NA,ext@1.4.0,ext@1.4.0,NA,NA
NA,extend-shallow@2.0.1,extend-shallow@2.0.1,NA,NA
NA,extend-shallow@3.0.2,extend-shallow@3.0.2,NA,NA
NA,extend@3.0.2,extend@3.0.2,NA,NA
NA,extglob@2.0.4,extglob@2.0.4,NA,NA
NA,fable.ast@3.1.1,NA,NA,NA
NA,fable.browser.blob@1.1.4,NA,NA,NA
NA,fable.browser.dom@2.7,NA,NA,NA
NA,fable.browser.event@1.4.6,NA,NA,NA
NA,fable.browser.gamepad@1.0.3,NA,NA,NA
NA,fable.browser.url@1.1,NA,NA,NA
NA,fable.browser.webstorage@1.0.4,NA,NA,NA
NA,fable.browser.xmlhttprequest@1.1.6,NA,NA,NA
NA,fable.core@3.7,NA,NA,NA
NA,fable.elmish.browser@3.0.4,NA,NA,NA
NA,fable.elmish.debugger@3.3,NA,NA,NA
NA,fable.elmish.hmr@5.2,NA,NA,NA
NA,fable.elmish.react@3.0.1,NA,NA,NA
NA,fable.elmish@3.1,NA,NA,NA
NA,fable.fetch@2.4,NA,NA,NA
NA,fable.fontawesome.free@2.1,NA,NA,NA
NA,fable.fontawesome@2.0,NA,NA,NA
NA,fable.mocha@2.12,NA,NA,NA
NA,fable.parsimmon@4.1,NA,NA,NA
NA,fable.promise@3.1.3,NA,NA,NA
NA,fable.react@7.4.3,NA,NA,NA
NA,fable.remoting.client@7.19,NA,NA,NA
NA,fable.remoting.giraffe@5.9,NA,NA,NA
NA,fable.remoting.json@2.21,NA,NA,NA
NA,fable.remoting.msgpack@1.16,NA,NA,NA
NA,fable.remoting.server@5.29,NA,NA,NA
NA,fable.simplejson@3.23,NA,NA,NA
NA,fake.core.commandlineparsing@5.22,NA,NA,NA
NA,fake.core.context@5.22,NA,NA,NA
NA,fake.core.environment@5.22,NA,NA,NA
NA,fake.core.fakevar@5.22,NA,NA,NA
NA,fake.core.process@5.22,NA,NA,NA
NA,fake.core.releasenotes@5.23,NA,NA,NA
NA,fake.core.semver@5.23,NA,NA,NA
NA,fake.core.string@5.23,NA,NA,NA
NA,fake.core.target@5.22,NA,NA,NA
NA,fake.core.trace@5.22,NA,NA,NA
NA,fake.io.filesystem@5.22,NA,NA,NA
NA,fancy-log@1.3.3,fancy-log@1.3.3,NA,NA
NA,farbstastic@1.3.0,farbstastic@1.3.0,NA,NA
NA,farmer@1.6.34,NA,NA,NA
NA,fast-glob@3.2.11,fast-glob@3.2.11,NA,NA
NA,fast-levenshtein@2.0.6,fast-levenshtein@2.0.6,NA,NA
NA,fast-memoize@2.5.2,fast-memoize@2.5.2,NA,NA
NA,fastclick@1.0.6,fastclick@1.0.6,NA,NA
NA,fastq@1.13.0,fastq@1.13.0,NA,NA
NA,fd-slicer@1.1.0,fd-slicer@1.1.0,NA,NA
NA,feliz.bulma@2.18,NA,NA,NA
NA,feliz.compilerplugins@1.8,NA,NA,NA
NA,feliz@1.62,NA,NA,NA
NA,file-uri-to-path@1.0.0,file-uri-to-path@1.0.0,NA,NA
NA,fill-range@4.0.0,fill-range@4.0.0,NA,NA
NA,fill-range@7.0.1,fill-range@7.0.1,NA,NA
NA,filterizr@2.2.4,filterizr@2.2.4,NA,NA
NA,find-up@1.1.2,find-up@1.1.2,NA,NA
NA,findup-sync@2.0.0,findup-sync@2.0.0,NA,NA
NA,findup-sync@3.0.0,findup-sync@3.0.0,NA,NA
NA,fine-uploader@5.16.2,fine-uploader@5.16.2,NA,NA
NA,fined@1.2.0,fined@1.2.0,NA,NA
NA,flag-icon-css@4.1.7,flag-icon-css@4.1.7,NA,NA
NA,flagged-respawn@1.0.1,flagged-respawn@1.0.1,NA,NA
NA,flot@4.2.2,flot@4.2.2,NA,NA
NA,flush-write-stream@1.1.1,flush-write-stream@1.1.1,NA,NA
NA,follow-redirects@1.15.1,follow-redirects@1.15.1,NA,NA
NA,for-in@1.0.2,for-in@1.0.2,NA,NA
NA,for-own@1.0.0,for-own@1.0.0,NA,NA
NA,fparsec@1.1.1,NA,NA,NA
NA,fragment-cache@0.2.1,fragment-cache@0.2.1,NA,NA
NA,fs-extra@10.1.0,fs-extra@10.1.0,NA,NA
NA,fs-mkdirp-stream@1.0.0,fs-mkdirp-stream@1.0.0,NA,NA
NA,fs.realpath@1.0.0,fs.realpath@1.0.0,NA,NA
NA,fsevents@1.2.13,fsevents@1.2.13,NA,NA
NA,fsharp.control.reactive@5.0.2,NA,NA,NA
NA,fsharp.control.websockets@0.2.2,NA,NA,NA
NA,fsharp.core@6.0.3,NA,NA,NA
NA,fullcalendar@5.10.1,fullcalendar@5.10.1,NA,NA
NA,fulma@2.16,NA,NA,NA
NA,function-bind@1.1.1,function-bind@1.1.1,NA,NA
NA,functions-have-names@1.2.3,functions-have-names@1.2.3,NA,NA
NA,get-assigned-identifiers@1.2.0,get-assigned-identifiers@1.2.0,NA,NA
NA,get-caller-file@1.0.3,get-caller-file@1.0.3,NA,NA
NA,get-intrinsic@1.1.2,get-intrinsic@1.1.2,NA,NA
NA,get-stream@5.2.0,get-stream@5.2.0,NA,NA
NA,get-value@2.0.6,get-value@2.0.6,NA,NA
NA,giraffe.viewengine@1.4,NA,NA,NA
NA,giraffe@6.0,NA,NA,NA
NA,glob-parent@3.1.0,glob-parent@3.1.0,['CVE-2020-28469'],NA
NA,glob-parent@5.1.2,glob-parent@5.1.2,NA,NA
NA,glob-stream@6.1.0,glob-stream@6.1.0,NA,NA
NA,glob-watcher@5.0.5,glob-watcher@5.0.5,NA,NA
NA,glob@5.0.15,glob@5.0.15,NA,NA
NA,glob@7.1.6,glob@7.1.6,NA,NA
NA,global-modules@1.0.0,global-modules@1.0.0,NA,NA
NA,global-prefix@1.0.2,global-prefix@1.0.2,NA,NA
NA,globalize@1.7.0,globalize@1.7.0,NA,NA
NA,globby@13.1.2,globby@13.1.2,NA,NA
NA,glogg@1.0.2,glogg@1.0.2,NA,NA
NA,graceful-fs@4.2.10,graceful-fs@4.2.10,NA,NA
NA,gulp-cli@2.3.0,gulp-cli@2.3.0,NA,NA
NA,gulp-filter@7.0.0,gulp-filter@7.0.0,NA,NA
NA,gulp-rename@1.4.0,gulp-rename@1.4.0,NA,NA
NA,gulp-zip@5.1.0,gulp-zip@5.1.0,NA,NA
NA,gulp@4.0.2,gulp@4.0.2,NA,NA
NA,gulplog@1.0.0,gulplog@1.0.0,NA,NA
NA,has-symbols@1.0.3,has-symbols@1.0.3,NA,NA
NA,has-tostringtag@1.0.0,has-tostringtag@1.0.0,NA,NA
NA,has-value@0.3.1,has-value@0.3.1,NA,NA
NA,has-value@1.0.0,has-value@1.0.0,NA,NA
NA,has-values@0.1.4,has-values@0.1.4,NA,NA
NA,has-values@1.0.0,has-values@1.0.0,NA,NA
NA,has@1.0.3,has@1.0.3,NA,NA
NA,homedir-polyfill@1.0.3,homedir-polyfill@1.0.3,NA,NA
NA,hosted-git-info@2.8.9,hosted-git-info@2.8.9,NA,NA
NA,icheck-bootstrap@3.0.1,icheck-bootstrap@3.0.1,NA,NA
NA,iconv-lite@0.6.3,iconv-lite@0.6.3,NA,NA
NA,ignore@5.2.0,ignore@5.2.0,NA,NA
NA,imagesloaded@4.1.4,imagesloaded@4.1.4,NA,NA
NA,immediate@3.0.6,immediate@3.0.6,NA,NA
NA,indent-string@5.0.0,indent-string@5.0.0,NA,NA
NA,inflight@1.0.6,inflight@1.0.6,NA,NA
NA,inherits@2.0.4,inherits@2.0.4,NA,NA
NA,ini@1.3.8,ini@1.3.8,NA,NA
NA,inputmask@5.0.7,inputmask@5.0.7,NA,NA
NA,interpret@1.4.0,interpret@1.4.0,NA,NA
NA,invert-kv@1.0.0,invert-kv@1.0.0,NA,NA
NA,ion-rangeslider@2.3.1,ion-rangeslider@2.3.1,NA,NA
NA,ionicons@2.0.1,ionicons@2.0.1,NA,NA
NA,is-absolute@1.0.0,is-absolute@1.0.0,NA,NA
NA,is-accessor-descriptor@0.1.6,is-accessor-descriptor@0.1.6,NA,NA
NA,is-accessor-descriptor@1.0.0,is-accessor-descriptor@1.0.0,NA,NA
NA,is-arguments@1.1.1,is-arguments@1.1.1,NA,NA
NA,is-arrayish@0.2.1,is-arrayish@0.2.1,NA,NA
NA,is-binary-path@1.0.1,is-binary-path@1.0.1,NA,NA
NA,is-buffer@1.1.6,is-buffer@1.1.6,NA,NA
NA,is-data-descriptor@0.1.4,is-data-descriptor@0.1.4,NA,NA
NA,is-data-descriptor@1.0.0,is-data-descriptor@1.0.0,NA,NA
NA,is-date-object@1.0.5,is-date-object@1.0.5,NA,NA
NA,is-descriptor@0.1.6,is-descriptor@0.1.6,NA,NA
NA,is-descriptor@1.0.2,is-descriptor@1.0.2,NA,NA
NA,is-extendable@0.1.1,is-extendable@0.1.1,NA,NA
NA,is-extendable@1.0.1,is-extendable@1.0.1,NA,NA
NA,is-extglob@2.1.1,is-extglob@2.1.1,NA,NA
NA,is-fullwidth-code-point@1.0.0,is-fullwidth-code-point@1.0.0,NA,NA
NA,is-glob@3.1.0,is-glob@3.1.0,NA,NA
NA,is-glob@4.0.3,is-glob@4.0.3,NA,NA
NA,is-negated-glob@1.0.0,is-negated-glob@1.0.0,NA,NA
NA,is-number@3.0.0,is-number@3.0.0,NA,NA
NA,is-number@4.0.0,is-number@4.0.0,NA,NA
NA,is-number@7.0.0,is-number@7.0.0,NA,NA
NA,is-path-cwd@3.0.0,is-path-cwd@3.0.0,NA,NA
NA,is-path-inside@4.0.0,is-path-inside@4.0.0,NA,NA
NA,is-plain-object@2.0.4,is-plain-object@2.0.4,NA,NA
NA,is-plain-object@5.0.0,is-plain-object@5.0.0,NA,NA
NA,is-regex@1.1.4,is-regex@1.1.4,NA,NA
NA,is-relative@1.0.0,is-relative@1.0.0,NA,NA
NA,is-unc-path@1.0.0,is-unc-path@1.0.0,NA,NA
NA,is-utf8@0.2.1,is-utf8@0.2.1,NA,NA
NA,is-valid-glob@1.0.0,is-valid-glob@1.0.0,NA,NA
NA,is-windows@1.0.2,is-windows@1.0.2,NA,NA
NA,isarray@1.0.0,isarray@1.0.0,NA,NA
NA,isexe@2.0.0,isexe@2.0.0,NA,NA
NA,isobject@2.1.0,isobject@2.1.0,NA,NA
NA,isobject@3.0.1,isobject@3.0.1,NA,NA
NA,jquery-dateformat@10-01-2014,NA,NA,NA
NA,jquery-knob-chif@1.2.13,jquery-knob-chif@1.2.13,NA,NA
NA,jquery-mapael@2.2.0,jquery-mapael@2.2.0,NA,NA
NA,jquery-migrate@3.4.0,jquery-migrate@3.4.0,NA,NA
NA,jquery-mousewheel@3.1.13,jquery-mousewheel@3.1.13,NA,NA
NA,jquery-tageditor@1.0.1,jquery-tageditor@1.0.1,NA,NA
NA,jquery-ui-dist@1.13.2,jquery-ui-dist@1.13.2,NA,NA
NA,jquery-ui-touch-punch@0.2.3,jquery-ui-touch-punch@0.2.3,NA,NA
NA,jquery-ui@1.10.4,NA,"['CVE-2021-41182', 'CVE-2021-41184', 'CVE-2021-41183', 'CVE-2016-7103']",NA
NA,jquery-ui@1.13.2,jquery-ui@1.13.2,NA,NA
NA,jquery-validation-plugin@1.19.5,NA,NA,NA
NA,jquery-validation-unobtrusive@4.0.0,jquery-validation-unobtrusive@4.0.0,NA,NA
NA,jquery-validation@1.19.5,jquery-validation@1.19.5,NA,NA
NA,jquery@1.10.2,jquery@1.10.2,NA,NA
NA,jquery@1.11.1,jquery@1.11.1,"['CVE-2019-11358', 'CVE-2020-11023', 'CVE-2020-11022', 'CVE-2020-23064', 'CVE-2015-9251']",NA
NA,jquery@2.1.1,jquery@2.1.1,"['CVE-2020-11023', 'CVE-2019-11358', 'CVE-2020-11022', 'CVE-2020-23064']",NA
NA,jquery@3.6.0,jquery@3.6.0,NA,NA
NA,jquery@migrate,NA,NA,NA
NA,jqvmap-novulnerability@1.5.1,jqvmap-novulnerability@1.5.1,NA,NA
NA,jsgrid@1.5.3,jsgrid@1.5.3,NA,NA
NA,json-stable-stringify-without-jsonify@1.0.1,json-stable-stringify-without-jsonify@1.0.1,NA,NA
NA,jsonfile@6.1.0,jsonfile@6.1.0,NA,NA
NA,jsrender@1.0.11,jsrender@1.0.11,NA,NA
NA,jsrender@1.0.11:,NA,NA,NA
NA,jszip@3.7.1,jszip@3.7.1,['CVE-2022-48285'],NA
NA,just-debounce@1.0.0,just-debounce@1.0.0,NA,NA
NA,kind-of@3.2.2,kind-of@3.2.2,NA,NA
NA,kind-of@4.0.0,kind-of@4.0.0,NA,NA
NA,kind-of@5.1.0,kind-of@5.1.0,NA,NA
NA,kind-of@6.0.3,kind-of@6.0.3,NA,NA
NA,last-run@1.1.1,last-run@1.1.1,NA,NA
NA,lazystream@1.0.0,lazystream@1.0.0,NA,NA
NA,lcid@1.0.0,lcid@1.0.0,NA,NA
NA,lead@1.0.0,lead@1.0.0,NA,NA
NA,levn@0.3.0,levn@0.3.0,NA,NA
NA,lie@3.3.0,lie@3.3.0,NA,NA
NA,liftoff@3.1.0,liftoff@3.1.0,NA,NA
NA,load-json-file@1.1.0,load-json-file@1.1.0,NA,NA
NA,magic-string@0.25.1,magic-string@0.25.1,NA,NA
NA,magnific-popup@1.1.0,magnific-popup@1.1.0,NA,NA
NA,make-iterator@1.0.1,make-iterator@1.0.1,NA,NA
NA,map-cache@0.2.2,map-cache@0.2.2,NA,NA
NA,map-visit@1.0.0,map-visit@1.0.0,NA,NA
NA,matchdep@2.0.0,matchdep@2.0.0,NA,NA
NA,merge-source-map@1.0.4,merge-source-map@1.0.4,NA,NA
NA,merge2@1.4.1,merge2@1.4.1,NA,NA
NA,micromatch@3.1.10,micromatch@3.1.10,NA,NA
NA,micromatch@4.0.5,micromatch@4.0.5,NA,NA
NA,microsoft.aspnetcore.authentication.jwtbearer@6.0.3,NA,NA,NA
NA,microsoft.csharp@4.7,NA,NA,NA
NA,microsoft.identitymodel.jsonwebtokens@6.16,NA,NA,NA
NA,microsoft.identitymodel.logging@6.16,NA,NA,NA
NA,microsoft.identitymodel.protocols.openidconnect@6.16,NA,NA,NA
NA,microsoft.identitymodel.protocols@6.16,NA,NA,NA
NA,microsoft.identitymodel.tokens@6.16,NA,NA,NA
NA,microsoft.io.recyclablememorystream@2.2,NA,NA,NA
NA,microsoft.netcore.platforms@1.0.1,NA,NA,NA
NA,microsoft.netcore.platforms@6.0.5,NA,NA,NA
NA,microsoft.netcore.targets@1.0.1,NA,NA,NA
NA,microsoft.netcore.targets@5.0,NA,NA,NA
NA,microsoft.win32.primitives@4.0.1,NA,NA,NA
NA,minimatch@3.0.4,minimatch@3.0.4,NA,NA
NA,minimist@1.2.6,minimist@1.2.6,NA,NA
NA,mixin-deep@1.3.2,mixin-deep@1.3.2,NA,NA
NA,mkdirp@0.5.5,mkdirp@0.5.5,NA,NA
NA,moment-timezone@0.5.34,moment-timezone@0.5.34,NA,NA
NA,moment@2.24.0,moment@2.24.0,"['CVE-2022-24785', 'CVE-2022-31129']",NA
NA,moment@2.29.4,moment@2.29.4,NA,NA
NA,mono.cecil@0.11.4,NA,NA,NA
NA,ms@2.0.0,ms@2.0.0,NA,NA
NA,multimatch@5.0.0,multimatch@5.0.0,NA,NA
NA,mute-stdout@1.0.1,mute-stdout@1.0.1,NA,NA
NA,nan@2.14.1,nan@2.14.1,NA,NA
NA,nanomatch@1.2.13,nanomatch@1.2.13,NA,NA
NA,netstandard.library@1.6.0,NA,NA,NA
NA,netstandard.library@2.0.3,NA,NA,NA
NA,next-tick@1.0.0,next-tick@1.0.0,NA,NA
NA,nop.plugin.discountrules.customerroles@1.0.0,NA,NA,NA
NA,nop.plugin.exchangerate.ecbexchange@1.0.0,NA,NA,NA
NA,nop.plugin.externalauth.facebook@1.0.0,NA,NA,NA
NA,nop.plugin.misc.brevo@1.0.0,NA,NA,NA
NA,nop.plugin.misc.nopmobileapp@1.0.0,NA,NA,NA
NA,nop.plugin.misc.webapi.frontend@1.0.0,NA,NA,NA
NA,nop.plugin.misc.zettle@1.0.0,NA,NA,NA
NA,nop.plugin.multifactorauth.googleauthenticator@1.0.0,NA,NA,NA
NA,nop.plugin.payments.checkmoneyorder@1.0.0,NA,NA,NA
NA,nop.plugin.payments.cybersource@1.0.0,NA,NA,NA
NA,nop.plugin.payments.manual@1.0.0,NA,NA,NA
NA,nop.plugin.payments.paypalcommerce@1.0.0,NA,NA,NA
NA,nop.plugin.pickup.pickupinstore@1.0.0,NA,NA,NA
NA,nop.plugin.shipping.fixedbyweightbytotal@1.0.0,NA,NA,NA
NA,nop.plugin.shipping.ups@1.0.0,NA,NA,NA
NA,nop.plugin.tax.avalara@1.0.0,NA,NA,NA
NA,nop.plugin.tax.fixedorbycountrystatezip@1.0.0,NA,NA,NA
NA,nop.plugin.widgets.facebookpixel@1.0.0,NA,NA,NA
NA,nop.plugin.widgets.googleanalytics@1.0.0,NA,NA,NA
NA,nop.plugin.widgets.nivoslider@1.0.0,NA,NA,NA
NA,nop.plugin.widgets.what3words@1.0.0,NA,NA,NA
NA,nop.tests@4.5.0,NA,NA,NA
NA,nopt@3.0.6,nopt@3.0.6,NA,NA
NA,normalize-package-data@2.5.0,normalize-package-data@2.5.0,NA,NA
NA,normalize-path@2.1.1,normalize-path@2.1.1,NA,NA
NA,normalize-path@3.0.0,normalize-path@3.0.0,NA,NA
NA,now-and-later@2.0.1,now-and-later@2.0.1,NA,NA
NA,nuget.build.tasks.pack@4.0.0-zlocal-50532,NA,NA,NA
NA,nuget.common@6.3,NA,NA,NA
NA,nuget.configuration@6.3,NA,NA,NA
NA,nuget.frameworks@6.3,NA,NA,NA
NA,nuget.packaging@6.3,NA,NA,NA
NA,nuget.versioning@6.3,NA,NA,NA
NA,number-is-nan@1.0.1,number-is-nan@1.0.1,NA,NA
NA,object-copy@0.1.0,object-copy@0.1.0,NA,NA
NA,object-inspect@1.12.2,object-inspect@1.12.2,NA,NA
NA,object-is@1.1.5,object-is@1.1.5,NA,NA
NA,object-keys@1.1.1,object-keys@1.1.1,NA,NA
NA,object-visit@1.0.1,object-visit@1.0.1,NA,NA
NA,object.assign@4.1.0,object.assign@4.1.0,NA,NA
NA,object.defaults@1.1.0,object.defaults@1.1.0,NA,NA
NA,object.map@1.0.1,object.map@1.0.1,NA,NA
NA,object.pick@1.3.0,object.pick@1.3.0,NA,NA
NA,object.reduce@1.0.1,object.reduce@1.0.1,NA,NA
NA,once@1.4.0,once@1.4.0,NA,NA
NA,optionator@0.8.3,optionator@0.8.3,NA,NA
NA,ordered-read-streams@1.0.1,ordered-read-streams@1.0.1,NA,NA
NA,os-locale@1.4.0,os-locale@1.4.0,NA,NA
NA,overlayscrollbars@1.13.3,overlayscrollbars@1.13.3,NA,NA
NA,p-map@5.5.0,p-map@5.5.0,NA,NA
NA,paket.core@8.0.0-alpha002,NA,NA,NA
NA,pako@0.2.9,pako@0.2.9,NA,NA
NA,pako@1.0.11,pako@1.0.11,NA,NA
NA,parse-filepath@1.0.2,parse-filepath@1.0.2,NA,NA
NA,parse-json@2.2.0,parse-json@2.2.0,NA,NA
NA,parse-node-version@1.0.1,parse-node-version@1.0.1,NA,NA
NA,parse-passwd@1.0.0,parse-passwd@1.0.0,NA,NA
NA,pascalcase@0.1.1,pascalcase@0.1.1,NA,NA
NA,path-dirname@1.0.2,path-dirname@1.0.2,NA,NA
NA,path-exists@2.1.0,path-exists@2.1.0,NA,NA
NA,path-is-absolute@1.0.1,path-is-absolute@1.0.1,NA,NA
NA,path-parse@1.0.7,path-parse@1.0.7,NA,NA
NA,path-root-regex@0.1.2,path-root-regex@0.1.2,NA,NA
NA,path-root@0.1.1,path-root@0.1.1,NA,NA
NA,path-type@1.1.0,path-type@1.1.0,NA,NA
NA,path-type@4.0.0,path-type@4.0.0,NA,NA
NA,pdfmake@0.2.5,pdfmake@0.2.5,NA,NA
NA,pend@1.2.0,pend@1.2.0,NA,NA
NA,picomatch@2.3.1,picomatch@2.3.1,NA,NA
NA,pify@2.3.0,pify@2.3.0,NA,NA
NA,pinkie-promise@2.0.1,pinkie-promise@2.0.1,NA,NA
NA,pinkie@2.0.4,pinkie@2.0.4,NA,NA
NA,plugin-error@1.0.1,plugin-error@1.0.1,NA,NA
NA,png-js@1.0.0,png-js@1.0.0,NA,NA
NA,popper.js@1.16.1,popper.js@1.16.1,NA,NA
NA,posix-character-classes@0.1.1,posix-character-classes@0.1.1,NA,NA
NA,prelude-ls@1.1.2,prelude-ls@1.1.2,NA,NA
NA,pretty-hrtime@1.0.3,pretty-hrtime@1.0.3,NA,NA
NA,process-nextick-args@2.0.1,process-nextick-args@2.0.1,NA,NA
NA,pump@2.0.1,pump@2.0.1,NA,NA
NA,pump@3.0.0,pump@3.0.0,NA,NA
NA,pumpify@1.5.1,pumpify@1.5.1,NA,NA
NA,q@1.0.1,q@1.0.1,NA,NA
NA,queue-microtask@1.2.3,queue-microtask@1.2.3,NA,NA
NA,quote-stream@1.0.2,quote-stream@1.0.2,NA,NA
NA,raphael@2.3.0,raphael@2.3.0,NA,NA
NA,read-pkg-up@1.0.1,read-pkg-up@1.0.1,NA,NA
NA,read-pkg@1.1.0,read-pkg@1.1.0,NA,NA
NA,readable-stream@2.3.7,readable-stream@2.3.7,NA,NA
NA,readable-stream@3.6.0,readable-stream@3.6.0,NA,NA
NA,readdirp@2.2.1,readdirp@2.2.1,NA,NA
NA,rechoir@0.6.2,rechoir@0.6.2,NA,NA
NA,regex-not@1.0.2,regex-not@1.0.2,NA,NA
NA,regexp.prototype.flags@1.4.3,regexp.prototype.flags@1.4.3,NA,NA
NA,remove-bom-buffer@3.0.0,remove-bom-buffer@3.0.0,NA,NA
NA,remove-bom-stream@1.2.0,remove-bom-stream@1.2.0,NA,NA
NA,remove-trailing-separator@1.1.0,remove-trailing-separator@1.1.0,NA,NA
NA,repeat-element@1.1.3,repeat-element@1.1.3,NA,NA
NA,repeat-string@1.6.1,repeat-string@1.6.1,NA,NA
NA,replace-ext@1.0.1,replace-ext@1.0.1,NA,NA
NA,replace-homedir@1.0.0,replace-homedir@1.0.0,NA,NA
NA,require-directory@2.1.1,require-directory@2.1.1,NA,NA
NA,require-main-filename@1.0.1,require-main-filename@1.0.1,NA,NA
NA,resolve-dir@1.0.1,resolve-dir@1.0.1,NA,NA
NA,resolve-options@1.1.0,resolve-options@1.1.0,NA,NA
NA,resolve-url@0.2.1,resolve-url@0.2.1,NA,NA
NA,resolve@1.1.7,resolve@1.1.7,NA,NA
NA,resolve@1.17.0,resolve@1.17.0,NA,NA
NA,ret@0.1.15,ret@0.1.15,NA,NA
NA,reusify@1.0.4,reusify@1.0.4,NA,NA
NA,rimraf@3.0.2,rimraf@3.0.2,NA,NA
NA,run-parallel@1.2.0,run-parallel@1.2.0,NA,NA
NA,runtime.debian.8-x64.runtime.native.system.security.cryptography.openssl@4.3.3,NA,NA,NA
NA,runtime.debian.9-x64.runtime.native.system.security.cryptography.openssl@4.3.3,NA,NA,NA
NA,runtime.fedora.23-x64.runtime.native.system.security.cryptography.openssl@4.3.3,NA,NA,NA
NA,runtime.fedora.24-x64.runtime.native.system.security.cryptography.openssl@4.3.3,NA,NA,NA
NA,runtime.fedora.27-x64.runtime.native.system.security.cryptography.openssl@4.3.3,NA,NA,NA
NA,runtime.fedora.28-x64.runtime.native.system.security.cryptography.openssl@4.3.3,NA,NA,NA
NA,runtime.native.system.io.compression@4.1.0,NA,NA,NA
NA,runtime.native.system.net.http@4.3.1,NA,NA,NA
NA,runtime.native.system.security.cryptography.apple@4.3.1,NA,NA,NA
NA,runtime.native.system.security.cryptography.openssl@4.3.3,NA,NA,NA
NA,runtime.native.system.security.cryptography@4.0.0,NA,NA,NA
NA,runtime.native.system@4.0.0,NA,NA,NA
NA,runtime.native.system@4.3.1,NA,NA,NA
NA,runtime.opensuse.13.2-x64.runtime.native.system.security.cryptography.openssl@4.3.3,NA,NA,NA
NA,runtime.opensuse.42.1-x64.runtime.native.system.security.cryptography.openssl@4.3.3,NA,NA,NA
NA,runtime.opensuse.42.3-x64.runtime.native.system.security.cryptography.openssl@4.3.3,NA,NA,NA
NA,runtime.osx.10.10-x64.runtime.native.system.security.cryptography.apple@4.3.1,NA,NA,NA
NA,runtime.osx.10.10-x64.runtime.native.system.security.cryptography.openssl@4.3.3,NA,NA,NA
NA,runtime.rhel.7-x64.runtime.native.system.security.cryptography.openssl@4.3.3,NA,NA,NA
NA,runtime.ubuntu.14.04-x64.runtime.native.system.security.cryptography.openssl@4.3.3,NA,NA,NA
NA,runtime.ubuntu.16.04-x64.runtime.native.system.security.cryptography.openssl@4.3.3,NA,NA,NA
NA,runtime.ubuntu.16.10-x64.runtime.native.system.security.cryptography.openssl@4.3.3,NA,NA,NA
NA,runtime.ubuntu.18.04-x64.runtime.native.system.security.cryptography.openssl@4.3.3,NA,NA,NA
NA,safe-buffer@5.1.2,safe-buffer@5.1.2,NA,NA
NA,safe-regex@1.1.0,safe-regex@1.1.0,NA,NA
NA,safer-buffer@2.1.2,safer-buffer@2.1.2,NA,NA
NA,saturn@0.16.1,NA,NA,NA
NA,sax@1.2.4,sax@1.2.4,NA,NA
NA,scope-analyzer@2.1.2,scope-analyzer@2.1.2,NA,NA
NA,select2@4.0.13,select2@4.0.13,NA,NA
NA,semver-greatest-satisfied-range@1.1.0,semver-greatest-satisfied-range@1.1.0,NA,NA
NA,semver@5.7.1,semver@5.7.1,['CVE-2022-25883'],NA
NA,set-blocking@2.0.0,set-blocking@2.0.0,NA,NA
NA,set-immediate-shim@1.0.1,set-immediate-shim@1.0.1,NA,NA
NA,set-value@2.0.1,set-value@2.0.1,NA,NA
NA,shallow-copy@0.0.1,shallow-copy@0.0.1,NA,NA
NA,shepherd.js@10.0.1,shepherd.js@10.0.1,NA,NA
NA,slash@4.0.0,slash@4.0.0,NA,NA
NA,smoothscroll-polyfill@0.4.4,smoothscroll-polyfill@0.4.4,NA,NA
NA,snapdragon-node@2.1.1,snapdragon-node@2.1.1,NA,NA
NA,snapdragon-util@3.0.1,snapdragon-util@3.0.1,NA,NA
NA,snapdragon@0.8.2,snapdragon@0.8.2,NA,NA
NA,source-map-resolve@0.5.3,source-map-resolve@0.5.3,NA,NA
NA,source-map-url@0.4.0,source-map-url@0.4.0,NA,NA
NA,source-map@0.1.43,source-map@0.1.43,NA,NA
NA,source-map@0.5.7,source-map@0.5.7,NA,NA
NA,source-map@0.6.1,source-map@0.6.1,NA,NA
NA,sourcemap-codec@1.4.8,sourcemap-codec@1.4.8,NA,NA
NA,sparkles@1.0.1,sparkles@1.0.1,NA,NA
NA,sparklines@1.3.0,sparklines@1.3.0,NA,NA
NA,spdx-correct@3.1.1,spdx-correct@3.1.1,NA,NA
NA,spdx-exceptions@2.3.0,spdx-exceptions@2.3.0,NA,NA
NA,spdx-expression-parse@3.0.1,spdx-expression-parse@3.0.1,NA,NA
NA,spdx-license-ids@3.0.5,spdx-license-ids@3.0.5,NA,NA
NA,split-string@3.1.0,split-string@3.1.0,NA,NA
NA,ssr-window@4.0.2,ssr-window@4.0.2,NA,NA
NA,stack-trace@0.0.10,stack-trace@0.0.10,NA,NA
NA,static-eval@2.1.0,static-eval@2.1.0,NA,NA
NA,static-extend@0.1.2,static-extend@0.1.2,NA,NA
NA,static-module@3.0.4,static-module@3.0.4,NA,NA
NA,stream-exhaust@1.0.2,stream-exhaust@1.0.2,NA,NA
NA,stream-shift@1.0.1,stream-shift@1.0.1,NA,NA
NA,streamfilter@3.0.0,streamfilter@3.0.0,NA,NA
NA,string-width@1.0.2,string-width@1.0.2,NA,NA
NA,string_decoder@1.1.1,string_decoder@1.1.1,NA,NA
NA,strip-ansi@3.0.1,strip-ansi@3.0.1,NA,NA
NA,strip-bom@2.0.0,strip-bom@2.0.0,NA,NA
NA,summernote@0.8.20,summernote@0.8.20,NA,NA
NA,sver-compat@1.5.0,sver-compat@1.5.0,NA,NA
NA,sweetalert2@11.4.26,sweetalert2@11.4.26,NA,NA
NA,swiper@8.3.2,swiper@8.3.2,NA,NA
NA,system.appcontext@4.1.0,NA,NA,NA
NA,system.buffers@4.0.0,NA,NA,NA
NA,system.collections.concurrent@4.0.12,NA,NA,NA
NA,system.collections.concurrent@4.3,NA,NA,NA
NA,system.collections.immutable@6.0,NA,NA,NA
NA,system.collections@4.0.11,NA,NA,NA
NA,system.collections@4.3,NA,NA,NA
NA,system.console@4.0.0,NA,NA,NA
NA,system.diagnostics.debug@4.0.11,NA,NA,NA
NA,system.diagnostics.debug@4.3,NA,NA,NA
NA,system.diagnostics.diagnosticsource@4.0.0,NA,NA,NA
NA,system.diagnostics.diagnosticsource@6.0,NA,NA,NA
NA,system.diagnostics.tools@4.0.1,NA,NA,NA
NA,system.diagnostics.tracing@4.1.0,NA,NA,NA
NA,system.diagnostics.tracing@4.3,NA,NA,NA
NA,system.formats.asn1@6.0,NA,NA,NA
NA,system.globalization.calendars@4.0.1,NA,NA,NA
NA,system.globalization.calendars@4.3,NA,NA,NA
NA,system.globalization.extensions@4.3,NA,NA,NA
NA,system.globalization@4.0.11,NA,NA,NA
NA,system.globalization@4.3,NA,NA,NA
NA,system.identitymodel.tokens.jwt@6.16,NA,NA,NA
NA,system.io.compression.zipfile@4.0.1,NA,NA,NA
NA,system.io.compression@4.1.0,NA,NA,NA
NA,system.io.filesystem.primitives@4.0.1,NA,NA,NA
NA,system.io.filesystem.primitives@4.3,NA,NA,NA
NA,system.io.filesystem@4.0.1,NA,NA,NA
NA,system.io.filesystem@4.3,NA,NA,NA
NA,system.io@4.1.0,NA,NA,NA
NA,system.io@4.3,NA,NA,NA
NA,system.linq.expressions@4.1.0,NA,NA,NA
NA,system.linq@4.1.0,NA,NA,NA
NA,system.linq@4.3,NA,NA,NA
NA,system.net.http.winhttphandler@6.0.1,NA,NA,NA
NA,system.net.http@4.1.0,NA,['CVE-2018-8292'],NA
NA,system.net.primitives@4.0.11,NA,NA,NA
NA,system.net.primitives@4.3.1,NA,NA,NA
NA,system.net.sockets@4.1.0,NA,NA,NA
NA,system.objectmodel@4.0.12,NA,NA,NA
NA,system.reactive@5.0,NA,NA,NA
NA,system.reflection.emit.lightweight@4.7,NA,NA,NA
NA,system.reflection.emit@4.7,NA,NA,NA
NA,system.reflection.extensions@4.0.1,NA,NA,NA
NA,system.reflection.primitives@4.0.1,NA,NA,NA
NA,system.reflection.primitives@4.3,NA,NA,NA
NA,system.reflection@4.1.0,NA,NA,NA
NA,system.reflection@4.3,NA,NA,NA
NA,system.resources.resourcemanager@4.0.1,NA,NA,NA
NA,system.resources.resourcemanager@4.3,NA,NA,NA
NA,system.runtime.compilerservices.unsafe@6.0,NA,NA,NA
NA,system.runtime.extensions@4.1.0,NA,NA,NA
NA,system.runtime.extensions@4.3.1,NA,NA,NA
NA,system.runtime.handles@4.0.1,NA,NA,NA
NA,system.runtime.handles@4.3,NA,NA,NA
NA,system.runtime.interopservices.runtimeinformation@4.0.0,NA,NA,NA
NA,system.runtime.interopservices@4.1.0,NA,NA,NA
NA,system.runtime.interopservices@4.3,NA,NA,NA
NA,system.runtime.numerics@4.0.1,NA,NA,NA
NA,system.runtime.numerics@4.3,NA,NA,NA
NA,system.runtime@4.1.0,NA,NA,NA
NA,system.runtime@4.3.1,NA,NA,NA
NA,system.security.cryptography.algorithms@4.2.0,NA,NA,NA
NA,system.security.cryptography.algorithms@4.3.1,NA,NA,NA
NA,system.security.cryptography.cng@5.0,NA,NA,NA
NA,system.security.cryptography.csp@4.3,NA,NA,NA
NA,system.security.cryptography.encoding@4.0.0,NA,NA,NA
NA,system.security.cryptography.encoding@4.3,NA,NA,NA
NA,system.security.cryptography.openssl@5.0,NA,NA,NA
NA,system.security.cryptography.pkcs@6.0.1,NA,NA,NA
NA,system.security.cryptography.primitives@4.0.0,NA,NA,NA
NA,system.security.cryptography.primitives@4.3,NA,NA,NA
NA,system.security.cryptography.protecteddata@6.0,NA,NA,NA
NA,system.security.cryptography.x509certificates@4.1.0,NA,['CVE-2017-11770'],NA
NA,system.security.cryptography.x509certificates@4.3.2,NA,NA,NA
NA,system.text.encoding.extensions@4.0.11,NA,NA,NA
NA,system.text.encoding@4.0.11,NA,NA,NA
NA,system.text.encoding@4.3,NA,NA,NA
NA,system.text.encodings.web@6.0,NA,NA,NA
NA,system.text.json@6.0.3,NA,NA,NA
NA,system.text.regularexpressions@4.1.0,NA,['CVE-2019-0820'],NA
NA,system.threading.tasks.extensions@4.0.0,NA,NA,NA
NA,system.threading.tasks@4.0.11,NA,NA,NA
NA,system.threading.tasks@4.3,NA,NA,NA
NA,system.threading.timer@4.0.1,NA,NA,NA
NA,system.threading@4.0.11,NA,NA,NA
NA,system.threading@4.3,NA,NA,NA
NA,system.valuetuple@4.5,NA,NA,NA
NA,system.xml.readerwriter@4.0.11,NA,NA,NA
NA,system.xml.xdocument@4.0.11,NA,NA,NA
NA,tempusdominus-bootstrap-4@5.39.0,tempusdominus-bootstrap-4@5.39.0,NA,NA
NA,tempusdominus-core@5.19.0,tempusdominus-core@5.19.0,NA,NA
NA,thoth.fetch@3.0.1,NA,NA,NA
NA,thoth.json@6.0,NA,NA,NA
NA,through2-filter@3.0.0,through2-filter@3.0.0,NA,NA
NA,through2@2.0.5,through2@2.0.5,NA,NA
NA,through2@3.0.2,through2@3.0.2,NA,NA
NA,through@2.3.8,through@2.3.8,NA,NA
NA,time-stamp@1.1.0,time-stamp@1.1.0,NA,NA
NA,tiny-inflate@1.0.3,tiny-inflate@1.0.3,NA,NA
NA,tinymce-langs@1.0.0,tinymce-langs@1.0.0,NA,NA
NA,tinymce@5.10.7,tinymce@5.10.7,NA,NA
NA,to-absolute-glob@2.0.2,to-absolute-glob@2.0.2,NA,NA
NA,to-object-path@0.3.0,to-object-path@0.3.0,NA,NA
NA,to-regex-range@2.1.1,to-regex-range@2.1.1,NA,NA
NA,to-regex-range@5.0.1,to-regex-range@5.0.1,NA,NA
NA,to-regex@3.0.2,to-regex@3.0.2,NA,NA
NA,to-through@2.0.0,to-through@2.0.0,NA,NA
NA,toastr@2.1.4,toastr@2.1.4,NA,NA
NA,type-check@0.3.2,type-check@0.3.2,NA,NA
NA,type@1.2.0,type@1.2.0,NA,NA
NA,type@2.0.0,type@2.0.0,NA,NA
NA,typeahead.js@0.11.1,typeahead.js@0.11.1,NA,NA
NA,typedarray@0.0.6,typedarray@0.0.6,NA,NA
NA,unc-path-regex@0.1.2,unc-path-regex@0.1.2,NA,NA
NA,undertaker-registry@1.0.1,undertaker-registry@1.0.1,NA,NA
NA,undertaker@1.2.1,undertaker@1.2.1,NA,NA
NA,unicode-properties@1.4.1,unicode-properties@1.4.1,NA,NA
NA,unicode-trie@2.0.0,unicode-trie@2.0.0,NA,NA
NA,union-value@1.0.1,union-value@1.0.1,NA,NA
NA,unique-stream@2.3.1,unique-stream@2.3.1,NA,NA
NA,universalify@2.0.0,universalify@2.0.0,NA,NA
NA,unset-value@1.0.0,unset-value@1.0.0,NA,NA
NA,upath@1.2.0,upath@1.2.0,NA,NA
NA,uplot@1.6.18,uplot@1.6.18,NA,NA
NA,urix@0.1.0,urix@0.1.0,NA,NA
NA,use@3.1.1,use@3.1.1,NA,NA
NA,utf8json@1.3.7,NA,NA,NA
NA,util-deprecate@1.0.2,util-deprecate@1.0.2,NA,NA
NA,v8flags@3.2.0,v8flags@3.2.0,NA,NA
NA,validate-npm-package-license@3.0.4,validate-npm-package-license@3.0.4,NA,NA
NA,value-or-function@3.0.0,value-or-function@3.0.0,NA,NA
NA,vinyl-fs@3.0.3,vinyl-fs@3.0.3,NA,NA
NA,vinyl-sourcemap@1.1.0,vinyl-sourcemap@1.1.0,NA,NA
NA,vinyl@2.2.0,vinyl@2.2.0,NA,NA
NA,which-module@1.0.0,which-module@1.0.0,NA,NA
NA,which@1.3.1,which@1.3.1,NA,NA
NA,word-wrap@1.2.3,word-wrap@1.2.3,['CVE-2023-26115'],NA
NA,wrap-ansi@2.1.0,wrap-ansi@2.1.0,NA,NA
NA,wrappy@1.0.2,wrappy@1.0.2,NA,NA
NA,xmldoc@1.2.0,xmldoc@1.2.0,NA,NA
NA,xtend@4.0.2,xtend@4.0.2,NA,NA
NA,y18n@3.2.2,y18n@3.2.2,NA,NA
NA,yargs-parser@5.0.0-security.0,yargs-parser@5.0.0-security.0,NA,NA
NA,yargs@7.1.1,yargs@7.1.1,NA,NA
NA,yauzl@2.10.0,yauzl@2.10.0,NA,NA
NA,yazl@2.5.1,yazl@2.5.1,NA,NA
NA,NA,cldr-core@36.0.0,NA,NA
NA,NA,file-uploader@5.16.2,NA,NA
NA,NA,jqueryui-touch-punch@0.2.3,NA,NA
NA,NA,select2@4.1.0-rc.0,NA,NA
NA,NA,dh.templates.mvc.base@1.0.0,NA,NA
NA,NA,excss@4.2.3,NA,NA
NA,NA,harfbuzzsharp@7.3.0,NA,NA
NA,NA,harfbuzzsharp.nativeassets.win32@7.3.0,NA,NA
NA,NA,harfbuzzsharp.nativeassets.macos@7.3.0,NA,NA
NA,NA,shimskiasharp@1.0.0.3,NA,NA
NA,NA,skiasharp@2.88.6,NA,NA
NA,NA,skiasharp.harfbuzz@2.88.6,NA,NA
NA,NA,skiasharp.nativeassets.linux.nodependencies@2.88.6,NA,NA
NA,NA,skiasharp.nativeassets.win32@2.88.6,NA,NA
NA,NA,skiasharp.nativeassets.macos@2.88.6,NA,NA
NA,NA,svg.custom@1.0.0.3,NA,NA
NA,NA,svg.model@1.0.0.3,NA,NA
NA,NA,svg.skia@1.0.0.3,NA,NA
NA,NA,bruno-canada/ups-soap-easytracking@dev-master,NA,NA
